,Player,Pos,Age,Tm,GS,MP,FG,FG%,3P,3P%,FT,FT%,TRB,AST,STL,BLK,TOV,PTS
0,Steven Adams,C,26,OKC,63,26.7,4.5,0.592,0.0,0.333,1.9,0.582,9.3,2.3,0.8,1.1,1.5,10.9
1,Bam Adebayo,PF,22,MIA,72,33.6,6.1,0.557,0.0,0.143,3.7,0.691,10.2,5.1,1.1,1.3,2.8,15.9
2,LaMarcus Aldridge,C,34,SAS,53,33.1,7.4,0.493,1.2,0.389,3.0,0.827,7.4,2.4,0.7,1.6,1.4,18.9
3,Kyle Alexander,PF,23,MIA,0,6.5,0.5,0.5,0.0,0.0,0.0,0.0,1.5,0.0,0.0,0.0,0.5,1.0
4,Nickeil Alexander-Walker,SG,21,NOP,1,12.6,2.1,0.368,1.0,0.346,0.5,0.676,1.8,1.9,0.4,0.2,1.1,5.7
5,Grayson Allen,SG,24,MEM,0,18.9,3.1,0.466,1.5,0.404,1.0,0.867,2.2,1.4,0.3,0.1,0.9,8.7
6,Jarrett Allen,C,21,BRK,64,26.5,4.3,0.649,0.0,0.0,2.4,0.633,9.6,1.6,0.6,1.3,1.1,11.1
7,Kadeem Allen,SG,27,NYK,0,11.7,1.9,0.432,0.5,0.313,0.7,0.636,0.9,2.1,0.5,0.2,0.8,5.0
8,Al-Farouq Aminu,PF,29,ORL,2,21.1,1.4,0.291,0.5,0.25,1.1,0.655,4.8,1.2,1.0,0.4,0.9,4.3
9,Justin Anderson,SF,26,BRK,1,10.7,1.0,0.263,0.6,0.207,0.2,0.5,2.1,0.8,0.0,0.6,0.4,2.8
10,Kyle Anderson,PF,26,MEM,28,19.9,2.3,0.474,0.4,0.282,0.8,0.667,4.3,2.4,0.8,0.6,1.0,5.8
11,Ryan Anderson,C,31,HOU,0,7.0,1.0,0.286,0.5,0.2,0.0,0.0,3.5,1.0,0.5,0.0,0.5,2.5
12,Giannis Antetokounmpo,PF,25,MIL,63,30.4,10.9,0.553,1.4,0.304,6.3,0.633,13.6,5.6,1.0,1.0,3.7,29.5
13,Kostas Antetokounmpo,PF,22,LAL,0,4.0,0.6,1.0,0.0,0.0,0.2,0.5,0.6,0.4,0.0,0.0,0.2,1.4
14,Thanasis Antetokounmpo,SF,27,MIL,2,6.5,1.2,0.5,0.0,0.0,0.4,0.412,1.2,0.8,0.4,0.1,0.6,2.8
15,Carmelo Anthony,PF,35,POR,58,32.8,5.8,0.43,1.5,0.385,2.3,0.845,6.3,1.5,0.8,0.5,1.7,15.4
16,OG Anunoby,SF,22,TOR,68,29.9,4.1,0.505,1.3,0.39,1.0,0.706,5.3,1.6,1.4,0.7,1.1,10.6
17,Ryan Arcidiacono,PG,25,CHI,4,16.0,1.6,0.409,0.9,0.391,0.5,0.711,1.9,1.7,0.5,0.1,0.6,4.5
18,Trevor Ariza,SF,34,TOT,21,28.2,2.7,0.438,1.5,0.372,1.2,0.838,4.6,1.7,1.3,0.3,1.1,8.0
19,Trevor Ariza,SF,34,SAC,0,24.7,2.0,0.388,1.3,0.352,0.7,0.778,4.6,1.6,1.1,0.2,0.9,6.0
20,Trevor Ariza,SF,34,POR,21,33.4,3.7,0.491,1.6,0.4,2.0,0.872,4.8,2.0,1.6,0.4,1.3,11.0
21,D.J. Augustin,PG,32,ORL,13,24.9,3.2,0.399,1.2,0.348,2.8,0.89,2.1,4.6,0.6,0.0,1.5,10.5
22,Deandre Ayton,C,21,PHO,32,32.5,8.2,0.546,0.1,0.231,1.8,0.753,11.5,1.9,0.7,1.5,2.1,18.2
23,Dwayne Bacon,SG,24,CHO,11,17.6,2.2,0.348,0.5,0.284,0.9,0.66,2.6,1.3,0.6,0.1,0.9,5.7
24,Marvin Bagley III,PF,20,SAC,6,25.7,6.0,0.467,0.3,0.182,1.9,0.806,7.5,0.8,0.5,0.9,1.4,14.2
25,Lonzo Ball,PG,22,NOP,54,32.1,4.4,0.403,2.3,0.375,0.7,0.566,6.1,7.0,1.4,0.6,3.1,11.8
26,Mo Bamba,C,21,ORL,0,14.2,2.1,0.462,0.6,0.346,0.5,0.674,4.9,0.7,0.4,1.4,0.7,5.4
27,J.J. Barea,PG,35,DAL,6,15.5,2.9,0.411,1.1,0.376,0.7,0.909,1.8,3.9,0.2,0.1,1.3,7.7
28,Harrison Barnes,PF,27,SAC,72,34.5,5.1,0.46,1.4,0.381,3.0,0.801,4.9,2.2,0.6,0.2,1.2,14.5
29,RJ Barrett,SG,19,NYK,55,30.4,5.2,0.402,1.1,0.32,2.8,0.614,5.0,2.6,1.0,0.3,2.2,14.3
30,Will Barton,SF,29,DEN,58,33.0,5.7,0.45,1.9,0.375,1.8,0.767,6.3,3.7,1.1,0.5,1.5,15.1
31,Keita Bates-Diop,SF,24,TOT,0,16.9,2.3,0.427,0.8,0.33,1.2,0.72,2.9,0.7,0.4,0.5,0.4,6.5
32,Keita Bates-Diop,SF,24,MIN,0,17.5,2.4,0.422,0.8,0.33,1.2,0.708,3.0,0.8,0.5,0.5,0.4,6.8
33,Keita Bates-Diop,SF,24,DEN,0,14.0,1.9,0.464,0.4,0.333,1.1,0.8,2.4,0.0,0.3,0.6,0.4,5.3
34,Nicolas Batum,SF,31,CHO,3,23.0,1.3,0.346,0.6,0.286,0.4,0.9,4.5,3.0,0.8,0.4,1.0,3.6
35,Aron Baynes,C,33,PHO,28,22.2,4.4,0.48,1.4,0.351,1.3,0.747,5.6,1.6,0.2,0.5,1.2,11.5
36,Kent Bazemore,SF-SG,30,TOT,21,24.8,2.9,0.375,1.2,0.344,1.7,0.769,4.3,1.4,1.1,0.6,1.3,8.8
37,Kent Bazemore,SF,30,POR,21,25.8,2.6,0.347,1.3,0.327,1.3,0.806,4.0,1.4,1.0,0.7,1.4,7.9
38,Kent Bazemore,SG,30,SAC,0,23.1,3.5,0.418,1.1,0.384,2.2,0.733,4.9,1.3,1.2,0.4,1.2,10.3
39,Darius Bazley,PF,19,OKC,9,18.5,2.0,0.394,0.8,0.348,0.7,0.694,4.0,0.7,0.4,0.7,0.7,5.6
40,Bradley Beal,SG,26,WAS,57,36.0,10.4,0.455,3.0,0.353,6.8,0.842,4.2,6.1,1.2,0.4,3.4,30.5
41,Malik Beasley,SG,23,TOT,14,22.0,4.1,0.425,1.9,0.388,1.0,0.818,2.7,1.4,0.7,0.1,1.0,11.2
42,Malik Beasley,SG,23,DEN,0,18.2,2.9,0.389,1.4,0.36,0.8,0.868,1.9,1.2,0.8,0.1,0.9,7.9
43,Malik Beasley,SG,23,MIN,14,33.1,7.9,0.472,3.5,0.426,1.5,0.75,5.1,1.9,0.6,0.1,1.5,20.7
44,Marco Belinelli,SG,33,SAS,0,15.5,2.2,0.392,1.2,0.376,0.8,0.828,1.7,1.2,0.2,0.0,0.3,6.3
45,Jordan Bell,C-PF,25,TOT,0,8.8,1.2,0.522,0.1,0.333,0.7,0.613,2.8,0.6,0.1,0.3,0.7,3.2
46,Jordan Bell,C,25,MIN,0,8.7,1.2,0.533,0.1,0.222,0.6,0.586,2.9,0.5,0.1,0.4,0.7,3.1
47,Jordan Bell,PF,25,MEM,0,10.5,1.5,0.429,1.0,0.667,1.0,1.0,1.5,1.0,0.5,0.0,1.5,5.0
48,DeAndre' Bembry,SG,25,ATL,4,21.3,2.4,0.456,0.3,0.231,0.6,0.542,3.5,1.9,1.3,0.4,1.4,5.8
49,Dragan Bender,SF,22,TOT,3,17.9,2.6,0.446,0.9,0.349,0.6,0.714,4.6,1.8,0.3,0.6,1.3,6.7
50,Dragan Bender,SF,22,MIL,0,13.0,1.4,0.476,0.6,0.444,0.3,0.667,2.9,1.3,0.0,0.7,0.7,3.7
51,Dragan Bender,SF,22,GSW,3,21.7,3.4,0.437,1.2,0.324,0.9,0.727,5.9,2.1,0.4,0.4,1.8,9.0
52,Dāvis Bertāns,PF,27,WAS,4,29.3,4.9,0.434,3.7,0.424,1.9,0.852,4.5,1.7,0.7,0.6,1.1,15.4
53,Patrick Beverley,PG,31,LAC,50,26.3,2.9,0.431,1.6,0.388,0.6,0.66,5.2,3.6,1.1,0.5,1.3,7.9
54,Khem Birch,C,27,ORL,24,19.2,1.5,0.51,0.0,0.0,1.4,0.653,4.6,1.0,0.4,0.5,0.6,4.4
55,Goga Bitadze,C,20,IND,2,8.7,1.3,0.467,0.1,0.19,0.4,0.727,2.0,0.4,0.2,0.7,0.5,3.2
56,Bismack Biyombo,C,27,CHO,29,19.4,2.8,0.543,0.0,0.0,1.7,0.603,5.8,0.9,0.2,0.9,0.9,7.4
57,Nemanja Bjelica,PF,31,SAC,67,27.9,4.4,0.481,1.9,0.419,1.0,0.821,6.4,2.8,0.9,0.6,1.4,11.5
58,Eric Bledsoe,PG,30,MIL,61,27.0,5.5,0.475,1.2,0.344,2.8,0.79,4.6,5.4,0.9,0.4,2.4,14.9
59,Bogdan Bogdanović,SG,27,SAC,28,29.0,5.5,0.44,2.7,0.372,1.4,0.741,3.4,3.4,1.0,0.2,1.7,15.1
60,Bojan Bogdanović,SF,30,UTA,63,33.1,6.6,0.447,3.0,0.414,4.0,0.903,4.1,2.1,0.5,0.1,2.5,20.2
61,Bol Bol,SF,20,DEN,0,12.4,2.0,0.5,0.6,0.444,1.1,0.8,2.7,0.9,0.3,0.9,1.4,5.7
62,Jonah Bolden,PF,24,TOT,0,6.7,0.6,0.364,0.0,0.0,0.3,0.5,1.3,0.0,0.4,0.3,0.3,1.4
63,Jonah Bolden,PF,24,PHI,0,3.5,0.5,0.667,0.0,0.0,0.0,0.0,0.3,0.0,0.3,0.0,0.5,1.0
64,Jonah Bolden,PF,24,PHO,0,11.0,0.7,0.25,0.0,0.0,0.7,1.0,2.7,0.0,0.7,0.7,0.0,2.0
65,Marques Bolden,C,21,CLE,0,3.0,0.0,0.0,0.0,0.0,0.0,0.0,2.0,0.0,1.0,0.0,0.0,0.0
66,Jordan Bone,PG,22,DET,0,5.3,0.5,0.25,0.2,0.2,0.0,0.0,0.4,0.8,0.1,0.0,0.2,1.2
67,Isaac Bonga,SF,20,WAS,49,18.9,1.8,0.504,0.4,0.352,1.0,0.812,3.4,1.2,0.7,0.3,0.9,5.0
68,Devin Booker,SG,23,PHO,70,35.9,9.0,0.489,2.0,0.354,6.7,0.919,4.2,6.5,0.7,0.3,3.8,26.6
69,Chris Boucher,PF,27,TOR,0,13.2,2.3,0.472,0.6,0.322,1.5,0.784,4.5,0.4,0.4,1.0,0.5,6.6
70,Brian Bowen,SG,21,IND,1,5.2,0.5,0.3,0.0,0.0,0.0,0.0,1.2,0.0,0.0,0.2,0.2,1.0
71,Ky Bowman,PG,22,GSW,12,22.6,3.0,0.417,0.7,0.308,0.8,0.829,2.7,2.9,1.0,0.2,1.6,7.4
72,Avery Bradley,SG,29,LAL,44,24.2,3.5,0.444,1.3,0.364,0.4,0.833,2.3,1.3,0.9,0.1,1.0,8.6
73,Tony Bradley,C,22,UTA,3,11.4,2.2,0.667,0.1,1.0,0.5,0.652,4.6,0.4,0.2,0.6,0.5,4.9
74,Jarrell Brantley,PF,23,UTA,0,10.7,1.1,0.357,0.3,0.231,0.1,0.5,2.2,1.2,0.3,0.6,0.8,2.7
75,Ignas Brazdeikis,SF,21,NYK,0,5.9,0.7,0.273,0.1,0.111,0.4,0.8,0.6,0.4,0.0,0.1,0.2,1.9
76,Corey Brewer,SG,33,SAC,0,6.6,0.4,0.5,0.0,0.0,0.2,0.333,1.6,0.4,0.8,0.0,0.4,1.0
77,Mikal Bridges,SF,23,PHO,32,28.0,3.4,0.51,1.0,0.361,1.4,0.844,4.0,1.8,1.4,0.6,1.0,9.1
78,Miles Bridges,SF,21,CHO,64,30.7,4.9,0.424,1.5,0.33,1.6,0.809,5.6,1.8,0.6,0.7,1.5,13.0
79,Oshae Brissett,SF,21,TOR,0,7.1,0.7,0.361,0.2,0.2,0.4,0.8,1.4,0.4,0.2,0.1,0.4,1.9
80,Ryan Broekhoff,SG,29,DAL,1,10.6,1.3,0.373,1.2,0.392,0.4,0.875,2.5,0.6,0.3,0.2,0.4,4.2
81,Malcolm Brogdon,PG,27,IND,54,30.9,6.0,0.438,1.4,0.326,3.1,0.892,4.9,7.1,0.6,0.2,2.4,16.5
82,Dillon Brooks,SG,24,MEM,73,28.9,6.0,0.407,2.0,0.358,2.2,0.808,3.3,2.1,0.9,0.4,1.7,16.2
83,Bruce Brown,SG,23,DET,43,28.2,3.4,0.443,0.6,0.344,1.5,0.739,4.7,4.0,1.1,0.5,1.7,8.9
84,Charlie Brown,SG,22,ATL,0,4.0,0.6,0.316,0.3,0.333,0.5,1.0,0.4,0.2,0.2,0.2,0.3,2.0
85,Jaylen Brown,SF,23,BOS,57,33.9,7.5,0.481,2.3,0.382,3.1,0.724,6.4,2.1,1.1,0.4,2.2,20.3
86,Moses Brown,C,20,POR,0,3.7,0.4,0.4,0.0,0.0,0.3,0.375,1.6,0.1,0.1,0.1,0.3,1.2
87,Sterling Brown,SF,24,MIL,1,14.8,1.8,0.371,0.8,0.324,0.6,0.8,3.5,1.0,0.6,0.1,0.8,5.1
88,Troy Brown Jr.,SG,20,WAS,22,25.8,4.0,0.439,0.9,0.341,1.6,0.784,5.6,2.6,1.2,0.1,1.1,10.4
89,Jalen Brunson,PG,23,DAL,16,17.9,3.2,0.466,0.8,0.358,1.1,0.813,2.4,3.3,0.4,0.1,1.2,8.2
90,Thomas Bryant,C,22,WAS,36,24.9,5.3,0.581,0.8,0.407,1.9,0.741,7.2,1.8,0.5,1.1,1.2,13.2
91,Reggie Bullock,SG,28,NYK,19,23.6,3.1,0.402,1.3,0.333,0.6,0.81,2.3,1.4,0.9,0.1,0.7,8.1
92,Trey Burke,PG,27,TOT,1,15.8,2.8,0.45,1.0,0.427,0.7,0.793,1.5,2.5,0.5,0.1,0.6,7.4
93,Trey Burke,PG,27,PHI,0,13.2,2.4,0.465,0.6,0.421,0.5,0.722,1.4,2.1,0.3,0.0,0.5,5.9
94,Trey Burke,PG,27,DAL,1,23.9,4.4,0.427,2.0,0.432,1.3,0.909,1.9,3.8,1.1,0.1,1.1,12.0
95,Alec Burks,SG,28,TOT,19,26.6,4.9,0.418,1.8,0.385,3.6,0.887,4.3,2.9,0.9,0.3,1.4,15.0
96,Alec Burks,SG,28,GSW,18,29.0,5.1,0.406,1.8,0.375,4.2,0.897,4.7,3.1,1.0,0.4,1.6,16.1
97,Alec Burks,SG,28,PHI,1,20.2,4.3,0.461,1.8,0.416,1.9,0.829,3.1,2.1,0.7,0.0,0.8,12.2
98,Deonte Burton,SG,26,OKC,0,9.1,1.1,0.344,0.3,0.189,0.2,0.571,1.5,0.4,0.2,0.3,0.5,2.7
99,Jimmy Butler,SF,30,MIA,58,33.8,5.9,0.455,0.5,0.244,7.6,0.834,6.7,6.0,1.8,0.6,2.2,19.9
100,Bruno Caboclo,C,24,TOT,0,8.1,1.3,0.427,0.2,0.182,0.3,0.889,2.0,0.4,0.5,0.6,0.4,3.0
101,Bruno Caboclo,C,24,MEM,0,8.7,1.3,0.406,0.2,0.16,0.1,0.667,2.0,0.5,0.5,0.5,0.3,2.8
102,Bruno Caboclo,C,24,HOU,0,6.5,1.3,0.5,0.3,0.25,0.8,1.0,2.0,0.3,0.6,0.6,0.8,3.5
103,Devontae Cacok,C,23,LAL,0,9.0,3.0,0.5,0.0,0.0,0.0,0.0,5.0,1.0,0.0,0.0,0.0,6.0
104,Kentavious Caldwell-Pope,SG,26,LAL,26,25.5,3.4,0.467,1.3,0.385,1.1,0.775,2.1,1.6,0.8,0.2,0.9,9.3
105,Vlatko Čančar,SF,22,DEN,0,3.2,0.4,0.4,0.1,0.167,0.3,1.0,0.7,0.2,0.1,0.1,0.2,1.2
106,Clint Capela,C,25,HOU,39,32.8,6.3,0.629,0.0,0.0,1.4,0.529,13.8,1.2,0.8,1.8,1.6,13.9
107,DeMarre Carroll,SF-PF,33,TOT,0,12.1,1.0,0.379,0.3,0.242,1.2,0.69,2.3,1.0,0.3,0.2,0.7,3.6
108,DeMarre Carroll,SF,33,SAS,0,9.0,0.6,0.31,0.2,0.231,0.8,0.6,2.1,0.7,0.1,0.1,0.7,2.2
109,DeMarre Carroll,PF,33,HOU,0,17.2,1.8,0.432,0.6,0.25,1.9,0.773,2.7,1.6,0.7,0.3,0.8,6.0
110,Jevon Carter,PG,24,PHO,2,16.3,1.7,0.416,1.1,0.425,0.4,0.852,2.0,1.4,0.8,0.3,0.6,4.9
111,Vince Carter,SF,43,ATL,0,14.6,1.8,0.352,1.0,0.302,0.4,0.793,2.1,0.8,0.4,0.4,0.6,5.0
112,Wendell Carter Jr.,C,20,CHI,43,29.2,4.3,0.534,0.1,0.207,2.6,0.737,9.4,1.2,0.8,0.8,1.7,11.3
113,Michael Carter-Williams,SG,28,ORL,0,18.5,2.5,0.427,0.5,0.293,1.8,0.832,3.3,2.4,1.1,0.5,1.2,7.2
114,Alex Caruso,PG,25,LAL,2,18.4,1.9,0.412,0.6,0.333,1.1,0.734,1.9,1.9,1.1,0.3,0.8,5.5
115,Willie Cauley-Stein,C,26,TOT,39,20.3,3.2,0.579,0.0,0.0,0.7,0.606,5.8,1.3,0.9,1.1,0.7,7.2
116,Willie Cauley-Stein,C,26,GSW,37,22.9,3.5,0.56,0.0,0.0,0.9,0.614,6.2,1.5,1.1,1.2,0.9,7.9
117,Willie Cauley-Stein,C,26,DAL,2,12.1,2.4,0.689,0.0,0.0,0.4,0.556,4.6,0.8,0.3,0.8,0.4,5.2
118,Tyson Chandler,C,37,HOU,5,8.4,0.5,0.778,0.0,0.0,0.2,0.462,2.5,0.2,0.2,0.3,0.3,1.3
119,Wilson Chandler,SF,32,BRK,3,21.0,2.1,0.404,1.1,0.306,0.6,0.87,4.1,1.1,0.5,0.3,1.0,5.9
120,Joe Chealey,PG,24,CHO,0,8.3,0.0,0.0,0.0,0.0,0.5,1.0,0.0,0.3,1.0,0.0,0.5,0.5
121,Zylan Cheatham,SF,24,NOP,0,12.8,1.5,0.667,0.0,0.0,0.0,0.0,2.3,0.8,0.3,0.3,1.0,3.0
122,Chris Chiozza,PG,24,TOT,2,14.3,2.0,0.393,1.0,0.375,0.2,1.0,1.9,3.0,0.8,0.1,1.1,5.1
123,Chris Chiozza,PG,24,WAS,0,12.3,1.0,0.294,0.7,0.438,0.0,0.0,1.5,2.8,1.0,0.2,0.9,2.7
124,Chris Chiozza,PG,24,BRK,2,15.4,2.5,0.425,1.1,0.357,0.3,1.0,2.1,3.1,0.6,0.1,1.3,6.4
125,Marquese Chriss,PF,22,GSW,21,20.3,3.6,0.545,0.1,0.205,2.0,0.769,6.2,1.9,0.7,1.1,1.3,9.3
126,Gary Clark,PF,25,TOT,5,13.5,1.3,0.406,0.9,0.351,0.2,0.9,2.6,0.4,0.1,0.5,0.2,3.7
127,Gary Clark,PF,25,HOU,0,11.8,1.3,0.39,1.0,0.353,0.3,0.857,2.2,0.7,0.1,0.4,0.1,3.9
128,Gary Clark,PF,25,ORL,5,14.8,1.3,0.419,0.9,0.35,0.1,1.0,2.9,0.2,0.2,0.6,0.3,3.6
129,Brandon Clarke,PF,23,MEM,4,22.4,5.1,0.618,0.4,0.359,1.5,0.759,5.9,1.4,0.6,0.8,0.9,12.1
130,Jordan Clarkson,SG,27,TOT,2,24.0,5.5,0.454,2.1,0.368,1.9,0.836,2.6,1.9,0.6,0.2,1.4,15.2
131,Jordan Clarkson,SG,27,CLE,0,23.0,5.0,0.442,2.0,0.371,2.6,0.884,2.4,2.4,0.6,0.3,1.3,14.6
132,Jordan Clarkson,SG,27,UTA,2,24.7,6.0,0.462,2.2,0.366,1.5,0.785,2.8,1.6,0.7,0.2,1.4,15.6
133,Nicolas Claxton,PF,20,BRK,0,12.5,1.8,0.563,0.1,0.143,0.7,0.524,2.9,1.1,0.1,0.5,0.6,4.4
134,Chris Clemons,SG,22,HOU,0,8.8,1.7,0.401,1.1,0.346,0.3,0.909,0.9,0.8,0.3,0.2,0.6,4.9
135,Antonius Cleveland,SG,25,DAL,0,4.2,0.4,0.286,0.0,0.0,0.3,0.6,0.6,0.1,0.1,0.3,0.2,1.0
136,Amir Coffey,SG,22,LAC,1,8.8,1.3,0.426,0.3,0.316,0.3,0.545,0.9,0.8,0.3,0.1,0.4,3.2
137,John Collins,PF,22,ATL,41,33.2,8.6,0.583,1.4,0.401,2.9,0.8,10.1,1.5,0.8,1.6,1.8,21.6
138,Zach Collins,PF,22,POR,11,26.4,2.9,0.471,0.6,0.368,0.5,0.75,6.3,1.5,0.5,0.5,1.3,7.0
139,Mike Conley,PG,32,UTA,41,29.0,4.9,0.409,2.0,0.375,2.4,0.827,3.2,4.4,0.8,0.1,2.0,14.4
140,Pat Connaughton,SG,27,MIL,4,18.6,2.0,0.455,0.8,0.331,0.5,0.775,4.2,1.6,0.4,0.5,0.8,5.4
141,Quinn Cook,PG,26,LAL,1,11.5,2.1,0.425,0.7,0.365,0.3,0.786,1.2,1.1,0.3,0.0,0.8,5.1
142,Tyler Cook,PF,22,TOT,0,4.2,0.6,0.667,0.0,0.0,0.5,0.875,1.1,0.1,0.2,0.0,0.2,1.8
143,Tyler Cook,PF,22,CLE,0,3.2,0.6,0.7,0.0,0.0,0.5,0.833,0.9,0.1,0.1,0.0,0.1,1.7
144,Tyler Cook,PF,22,DEN,0,9.5,0.5,0.5,0.0,0.0,1.0,1.0,2.0,0.0,1.0,0.0,1.0,2.0
145,Robert Covington,PF-C,29,TOT,68,30.5,4.4,0.422,2.3,0.335,1.4,0.798,6.6,1.3,1.6,1.3,1.5,12.4
146,Robert Covington,PF,29,MIN,47,29.4,4.5,0.435,2.3,0.346,1.6,0.798,6.0,1.2,1.7,0.9,1.5,12.8
147,Robert Covington,C,29,HOU,21,33.0,4.0,0.392,2.4,0.315,1.1,0.8,8.0,1.5,1.6,2.2,1.4,11.6
148,Allen Crabbe,SG,27,TOT,1,17.6,1.7,0.356,1.0,0.303,0.3,0.714,2.1,0.9,0.4,0.1,0.5,4.6
149,Allen Crabbe,SG,27,ATL,1,18.6,1.9,0.364,1.1,0.323,0.3,0.75,2.3,1.0,0.5,0.1,0.4,5.1
150,Allen Crabbe,SG,27,MIN,0,14.6,1.2,0.324,0.7,0.231,0.1,0.5,1.3,0.6,0.0,0.0,0.6,3.2
151,Torrey Craig,SF,29,DEN,27,18.5,2.1,0.461,0.8,0.326,0.4,0.611,3.3,0.8,0.4,0.6,0.4,5.4
152,Jamal Crawford,SG,39,BRK,0,6.0,2.0,0.5,1.0,0.5,0.0,0.0,0.0,3.0,0.0,0.0,0.0,5.0
153,Jae Crowder,SF,29,TOT,53,28.8,3.5,0.401,2.1,0.343,1.5,0.776,5.9,2.5,1.1,0.4,1.1,10.5
154,Jae Crowder,SF,29,MEM,45,29.4,3.3,0.368,1.7,0.293,1.7,0.789,6.2,2.8,1.0,0.3,1.2,9.9
155,Jae Crowder,SF,29,MIA,8,27.7,4.0,0.482,2.9,0.445,1.1,0.733,5.4,1.8,1.3,0.5,0.8,11.9
156,Jarrett Culver,SG,20,MIN,35,23.9,3.7,0.404,1.0,0.299,0.9,0.462,3.4,1.7,0.9,0.6,1.3,9.2
157,Seth Curry,SG,29,DAL,25,24.6,4.4,0.495,2.3,0.452,1.3,0.825,2.3,1.9,0.6,0.1,1.0,12.4
158,Stephen Curry,PG,31,GSW,5,27.8,6.6,0.402,2.4,0.245,5.2,1.0,5.2,6.6,1.0,0.4,3.2,20.8
159,Troy Daniels,SG,28,TOT,0,11.3,1.5,0.387,1.0,0.348,0.2,0.625,1.1,0.4,0.2,0.1,0.3,4.3
160,Troy Daniels,SG,28,LAL,0,11.1,1.5,0.392,1.0,0.357,0.2,0.625,1.1,0.3,0.2,0.1,0.2,4.2
161,Troy Daniels,SG,28,DEN,0,12.7,1.7,0.357,1.0,0.3,0.0,0.0,1.0,0.5,0.5,0.0,0.5,4.3
162,Anthony Davis,PF,26,LAL,62,34.4,8.9,0.503,1.2,0.33,7.2,0.846,9.3,3.2,1.5,2.3,2.5,26.1
163,Ed Davis,C,30,UTA,1,10.8,0.8,0.478,0.0,0.0,0.3,0.5,3.8,0.4,0.4,0.3,0.5,1.8
164,Terence Davis,SG,22,TOR,4,16.8,2.8,0.456,1.3,0.388,0.7,0.864,3.3,1.6,0.5,0.2,1.1,7.5
165,Dewayne Dedmon,C,30,TOT,18,17.6,2.3,0.4,0.5,0.206,0.7,0.833,5.7,0.5,0.6,0.9,1.3,5.8
166,Dewayne Dedmon,C,30,SAC,10,15.9,2.0,0.404,0.4,0.197,0.7,0.821,4.9,0.4,0.4,0.8,1.4,5.1
167,Dewayne Dedmon,C,30,ATL,8,23.3,3.3,0.393,0.8,0.222,0.7,0.875,8.2,0.7,1.0,1.5,1.0,8.1
168,Matthew Dellavedova,PG,29,CLE,4,14.4,1.1,0.354,0.4,0.231,0.6,0.865,1.3,3.2,0.4,0.0,1.0,3.1
169,DeMar DeRozan,SF,30,SAS,68,34.1,8.2,0.531,0.1,0.257,5.6,0.845,5.5,5.6,1.0,0.3,2.4,22.1
170,Cheick Diallo,C,23,PHO,2,10.2,2.0,0.648,0.0,0.333,0.7,0.872,2.8,0.5,0.2,0.3,0.7,4.7
171,Hamidou Diallo,SF,21,OKC,3,19.5,2.9,0.446,0.3,0.281,0.8,0.603,3.6,0.8,0.8,0.2,1.1,6.9
172,Gorgui Dieng,C,30,TOT,17,17.4,2.6,0.456,0.9,0.355,1.2,0.772,5.6,1.2,0.8,0.9,1.0,7.4
173,Gorgui Dieng,C,30,MIN,17,16.9,2.7,0.448,1.0,0.383,1.0,0.797,5.6,1.3,0.8,0.9,1.0,7.4
174,Gorgui Dieng,C,30,MEM,0,18.7,2.5,0.483,0.5,0.25,1.8,0.738,5.8,0.9,0.8,1.0,0.9,7.2
175,Spencer Dinwiddie,SG,26,BRK,49,31.2,6.6,0.415,1.9,0.308,5.4,0.778,3.5,6.8,0.6,0.3,2.7,20.6
176,Donte DiVincenzo,SG,23,MIL,24,23.0,3.5,0.455,1.3,0.336,1.0,0.733,4.8,2.3,1.3,0.3,1.4,9.2
177,Luka Dončić,PG,20,DAL,61,33.6,9.5,0.463,2.8,0.316,7.0,0.758,9.4,8.8,1.0,0.2,4.3,28.8
178,Luguentz Dort,SG,20,OKC,28,22.8,2.4,0.394,0.8,0.297,1.2,0.792,2.3,0.8,0.9,0.1,0.6,6.8
179,Damyean Dotson,SG,25,NYK,0,17.4,2.5,0.414,1.2,0.362,0.5,0.667,1.9,1.2,0.5,0.1,0.4,6.7
180,Sekou Doumbouya,SF,19,DET,19,19.8,2.4,0.39,0.7,0.286,0.8,0.674,3.1,0.5,0.5,0.2,0.9,6.4
181,PJ Dozier,PG,23,DEN,0,14.2,2.2,0.414,0.6,0.347,0.7,0.724,1.9,2.2,0.5,0.2,0.9,5.8
182,Goran Dragić,PG,33,MIA,3,28.2,5.4,0.441,2.1,0.367,3.2,0.776,3.2,5.1,0.7,0.2,2.4,16.2
183,Andre Drummond,C,26,TOT,56,33.0,7.3,0.533,0.1,0.143,3.0,0.575,15.2,2.7,1.9,1.6,3.6,17.7
184,Andre Drummond,C,26,DET,48,33.8,7.3,0.53,0.0,0.048,3.0,0.584,15.8,2.8,2.0,1.7,3.6,17.8
185,Andre Drummond,C,26,CLE,8,28.1,7.3,0.552,0.5,0.286,2.5,0.513,11.1,1.8,1.5,1.4,3.6,17.5
186,Jared Dudley,SF,34,LAL,1,8.1,0.5,0.4,0.4,0.429,0.0,1.0,1.2,0.6,0.3,0.1,0.2,1.5
187,Kris Dunn,PG,25,CHI,32,24.9,3.0,0.444,0.6,0.259,0.8,0.741,3.6,3.4,2.0,0.3,1.3,7.3
188,Carsen Edwards,SG,21,BOS,0,9.5,1.1,0.328,0.6,0.316,0.4,0.684,1.3,0.6,0.3,0.1,0.4,3.3
189,Henry Ellenson,PF,23,BRK,0,3.0,0.2,0.143,0.0,0.0,0.0,0.0,1.2,0.2,0.0,0.0,0.0,0.4
190,Wayne Ellington,SG,32,NYK,1,15.5,1.7,0.351,1.4,0.35,0.3,0.846,1.8,1.2,0.4,0.1,0.5,5.1
191,Joel Embiid,C,25,PHI,51,29.5,7.5,0.477,1.1,0.331,6.9,0.807,11.6,3.0,0.9,1.3,3.1,23.0
192,James Ennis,SF,29,TOT,18,18.3,2.3,0.446,0.8,0.325,1.1,0.806,3.6,0.9,0.5,0.3,0.8,6.6
193,James Ennis,SF,29,PHI,0,15.8,2.0,0.442,0.8,0.349,1.0,0.787,3.1,0.8,0.5,0.3,0.6,5.8
194,James Ennis,SF,29,ORL,18,24.5,3.0,0.451,0.9,0.286,1.6,0.838,4.8,1.1,0.6,0.4,1.4,8.5
195,Drew Eubanks,PF,22,SAS,3,12.4,2.0,0.642,0.0,1.0,0.9,0.769,3.9,0.7,0.2,0.8,1.0,4.9
196,Jacob Evans,SG,22,TOT,1,14.4,1.6,0.336,0.4,0.333,0.9,0.862,1.4,1.1,0.4,0.4,0.9,4.4
197,Jacob Evans,SG,22,GSW,1,15.3,1.7,0.338,0.5,0.342,0.9,0.862,1.5,1.1,0.4,0.4,0.9,4.7
198,Jacob Evans,SG,22,MIN,0,2.0,0.0,0.0,0.0,0.0,0.0,0.0,0.0,0.0,0.0,0.0,0.0,0.0
199,Dante Exum,SG,24,TOT,1,13.9,1.6,0.471,0.4,0.349,0.9,0.744,1.9,1.1,0.4,0.2,0.9,4.5
200,Dante Exum,SG,24,UTA,0,7.5,0.9,0.435,0.2,0.333,0.2,1.0,1.1,0.6,0.1,0.2,0.9,2.2
201,Dante Exum,SG,24,CLE,1,16.8,1.9,0.479,0.5,0.351,1.3,0.732,2.3,1.4,0.5,0.3,0.9,5.6
202,Tacko Fall,C,24,BOS,0,4.7,1.6,0.786,0.0,0.0,0.1,0.333,2.1,0.1,0.1,0.6,0.4,3.3
203,Derrick Favors,C,28,NOP,49,24.4,4.1,0.617,0.0,0.143,0.8,0.563,9.8,1.6,0.6,0.9,1.1,9.0
204,Cristiano Felício,PF,27,CHI,0,17.5,1.5,0.63,0.0,0.0,0.8,0.783,4.6,0.7,0.5,0.1,0.8,3.9
205,Terrance Ferguson,SF,21,OKC,38,22.4,1.4,0.355,0.9,0.292,0.3,0.75,1.3,0.9,0.5,0.3,0.6,3.9
206,Bruno Fernando,C,21,ATL,13,12.7,1.8,0.518,0.1,0.135,0.5,0.569,3.5,0.9,0.3,0.3,0.8,4.3
207,Yogi Ferrell,PG,26,SAC,0,10.6,1.6,0.42,0.5,0.304,0.7,0.857,1.0,1.4,0.4,0.1,0.6,4.4
208,Dorian Finney-Smith,PF,26,DAL,68,29.9,3.4,0.466,1.6,0.376,1.1,0.722,5.7,1.6,0.6,0.5,1.0,9.5
209,Bryn Forbes,SG,26,SAS,62,25.1,3.8,0.417,2.3,0.388,1.2,0.833,2.0,1.7,0.5,0.0,0.9,11.2
210,Evan Fournier,SG,27,ORL,66,31.5,6.6,0.467,2.6,0.399,2.7,0.818,2.6,3.2,1.1,0.2,1.9,18.5
211,De'Aaron Fox,PG,22,SAC,49,32.0,7.7,0.48,1.1,0.292,4.7,0.705,3.8,6.8,1.5,0.5,3.1,21.1
212,Melvin Frazier,SG,23,ORL,0,6.6,0.8,0.441,0.4,0.5,0.1,0.5,0.5,0.2,0.5,0.1,0.3,2.1
213,Michael Frazier,SG,25,HOU,0,11.2,0.5,0.241,0.3,0.174,0.7,0.643,0.8,0.2,0.2,0.0,0.4,2.1
214,Tim Frazier,PG,29,DET,11,13.1,1.3,0.362,0.4,0.333,0.7,0.792,1.2,3.4,0.5,0.1,1.3,3.6
215,Markelle Fultz,PG,21,ORL,60,27.7,5.0,0.465,0.5,0.267,1.6,0.73,3.3,5.1,1.3,0.2,2.0,12.1
216,Wenyen Gabriel,PF,22,TOT,1,7.8,0.7,0.438,0.2,0.3,0.5,0.682,1.7,0.3,0.4,0.2,0.5,2.1
217,Wenyen Gabriel,PF,22,SAC,0,5.5,0.5,0.353,0.1,0.125,0.5,0.6,0.9,0.3,0.3,0.2,0.5,1.7
218,Wenyen Gabriel,PF,22,POR,1,9.2,0.8,0.484,0.3,0.417,0.5,0.75,2.2,0.3,0.4,0.3,0.6,2.3
219,Daniel Gafford,C,21,CHI,7,14.2,2.2,0.701,0.0,0.0,0.7,0.533,2.5,0.5,0.3,1.3,0.7,5.1
220,Danilo Gallinari,PF,31,OKC,62,29.6,5.8,0.438,2.9,0.405,4.3,0.893,5.2,1.9,0.7,0.1,1.2,18.7
221,Langston Galloway,SG,28,DET,6,25.8,3.6,0.435,2.0,0.399,1.1,0.859,2.3,1.5,0.7,0.2,0.6,10.3
222,Darius Garland,PG,20,CLE,59,30.9,4.7,0.401,1.8,0.355,1.1,0.875,1.9,3.9,0.7,0.1,2.6,12.3
223,Marc Gasol,C,35,TOR,43,26.4,2.7,0.427,1.3,0.385,0.8,0.735,6.3,3.3,0.8,0.9,1.3,7.5
224,Rudy Gay,PF,33,SAS,5,21.8,4.0,0.446,1.1,0.336,1.8,0.882,5.4,1.7,0.5,0.5,1.3,10.8
225,Paul George,SF,29,LAC,48,29.6,7.1,0.439,3.3,0.412,4.0,0.876,5.7,3.9,1.4,0.4,2.6,21.5
226,Taj Gibson,C,34,NYK,56,16.5,2.7,0.584,0.1,0.286,0.7,0.732,4.3,0.8,0.4,0.5,0.8,6.1
227,Harry Giles,PF,21,SAC,17,14.5,3.0,0.554,0.0,0.0,0.8,0.776,4.1,1.3,0.5,0.4,1.0,6.9
228,Shai Gilgeous-Alexander,SG,21,OKC,70,34.7,6.8,0.471,1.2,0.347,4.1,0.807,5.9,3.3,1.1,0.7,1.9,19.0
229,Rudy Gobert,C,27,UTA,68,34.3,5.7,0.693,0.0,0.0,3.7,0.63,13.5,1.5,0.8,2.0,1.9,15.1
230,Brandon Goodwin,PG,24,ATL,1,12.6,2.2,0.4,0.8,0.299,0.8,0.933,2.1,1.5,0.4,0.1,0.9,6.1
231,Aaron Gordon,PF,24,ORL,62,32.5,5.4,0.437,1.2,0.308,2.4,0.674,7.7,3.7,0.8,0.6,1.6,14.4
232,Eric Gordon,SF,31,HOU,15,28.2,4.8,0.369,2.7,0.317,2.3,0.766,2.0,1.5,0.6,0.4,1.2,14.4
233,Devonte' Graham,PG,24,CHO,53,35.1,5.8,0.382,3.5,0.373,3.0,0.82,3.4,7.5,1.0,0.2,2.9,18.2
234,Treveon Graham,SG,26,TOT,20,16.9,1.6,0.36,0.6,0.275,0.7,0.643,2.7,0.8,0.4,0.1,0.5,4.4
235,Treveon Graham,SG,26,MIN,20,20.1,1.9,0.354,0.6,0.241,0.8,0.73,3.0,0.9,0.5,0.1,0.6,5.2
236,Treveon Graham,SG,26,ATL,0,12.1,1.1,0.373,0.6,0.351,0.4,0.474,2.3,0.7,0.3,0.2,0.5,3.3
237,Jerami Grant,PF,25,DEN,24,26.6,4.3,0.478,1.4,0.389,2.1,0.75,3.5,1.2,0.7,0.8,0.9,12.0
238,Jerian Grant,PG,27,WAS,0,13.3,1.7,0.37,0.3,0.25,0.8,0.714,1.0,1.5,0.2,0.2,0.5,4.5
239,Josh Gray,PG,26,NOP,0,11.5,0.5,0.5,0.0,0.0,0.0,0.0,1.0,1.0,0.0,0.0,2.5,1.0
240,Danny Green,SG,32,LAL,68,24.8,2.9,0.416,1.8,0.367,0.5,0.688,3.3,1.3,1.3,0.5,0.9,8.0
241,Draymond Green,PF,29,GSW,43,28.4,2.9,0.389,0.8,0.279,1.5,0.759,6.2,6.2,1.4,0.8,2.3,8.0
242,JaMychal Green,PF,29,LAC,1,20.7,2.4,0.429,1.5,0.387,0.6,0.75,6.2,0.8,0.5,0.4,0.9,6.8
243,Javonte Green,SF,26,BOS,2,9.8,1.3,0.5,0.2,0.273,0.6,0.667,1.9,0.5,0.5,0.2,0.5,3.4
244,Jeff Green,PF-C,33,TOT,4,20.0,3.3,0.462,1.3,0.339,1.5,0.802,2.8,1.0,0.5,0.4,0.9,9.4
245,Jeff Green,PF,33,UTA,2,18.4,2.5,0.385,1.1,0.327,1.6,0.778,2.7,0.7,0.4,0.3,0.9,7.8
246,Jeff Green,C,33,HOU,2,22.6,4.7,0.564,1.6,0.354,1.3,0.857,2.9,1.7,0.8,0.5,0.8,12.2
247,Blake Griffin,PF,30,DET,18,28.4,4.9,0.352,1.5,0.243,4.2,0.776,4.7,3.3,0.4,0.4,2.2,15.5
248,Marko Guduric,SG,24,MEM,0,11.0,1.4,0.395,0.6,0.301,0.5,0.923,1.7,1.0,0.3,0.2,0.8,3.9
249,Kyle Guy,SG,22,SAC,0,3.3,0.7,0.4,0.0,0.0,0.0,0.0,0.3,0.3,0.0,0.0,0.0,1.3
250,Rui Hachimura,PF,21,WAS,48,30.1,5.3,0.466,0.5,0.287,2.4,0.829,6.1,1.8,0.8,0.2,1.1,13.5
251,Devon Hall,SG,24,OKC,0,7.4,0.5,0.2,0.4,0.235,0.4,0.5,0.6,1.2,0.4,0.1,0.5,1.8
252,Donta Hall,PF,22,TOT,0,14.8,1.7,0.682,0.0,0.0,1.0,0.5,4.2,0.4,0.3,0.7,0.6,4.3
253,Donta Hall,PF,22,DET,0,12.0,0.3,0.25,0.0,0.0,1.0,0.667,3.8,0.5,0.3,0.3,0.5,1.5
254,Donta Hall,PF,22,BRK,0,17.0,2.8,0.778,0.0,0.0,1.0,0.417,4.6,0.4,0.4,1.0,0.6,6.6
255,Dusty Hannahs,SG,26,MEM,0,6.5,2.0,0.444,1.0,0.667,1.0,1.0,0.5,0.0,0.0,0.0,0.0,6.0
256,Tim Hardaway Jr.,SG,27,DAL,58,29.5,5.4,0.434,2.9,0.398,2.1,0.819,3.3,1.9,0.6,0.1,1.0,15.8
257,James Harden,SG,30,HOU,68,36.5,9.9,0.444,4.4,0.355,10.2,0.865,6.6,7.5,1.8,0.9,4.5,34.3
258,Maurice Harkless,SF,26,TOT,48,23.0,2.3,0.502,0.5,0.347,0.6,0.591,3.9,1.1,0.9,0.5,0.9,5.8
259,Maurice Harkless,SF,26,LAC,38,22.8,2.2,0.516,0.5,0.37,0.5,0.571,4.0,1.0,1.0,0.6,0.9,5.5
260,Maurice Harkless,SF,26,NYK,10,23.8,2.5,0.455,0.6,0.28,1.3,0.625,3.3,1.7,0.8,0.3,0.6,6.8
261,Jared Harper,PG,22,PHO,0,2.7,0.3,0.25,0.0,0.0,0.0,0.0,0.0,0.0,0.0,0.0,0.0,0.7
262,Montrezl Harrell,C,26,LAC,2,27.8,7.5,0.58,0.0,0.0,3.7,0.658,7.1,1.7,0.6,1.1,1.7,18.6
263,Gary Harris,SG,25,DEN,55,31.8,3.9,0.42,1.3,0.333,1.3,0.815,2.9,2.1,1.4,0.3,1.1,10.4
264,Joe Harris,SF,28,BRK,69,30.8,5.5,0.486,2.5,0.424,0.9,0.719,4.3,2.1,0.6,0.2,1.5,14.5
265,Tobias Harris,PF,27,PHI,72,34.3,7.7,0.471,1.8,0.367,2.4,0.806,6.9,3.2,0.7,0.6,1.4,19.6
266,Shaquille Harrison,SF,26,CHI,10,11.3,1.8,0.467,0.4,0.381,0.9,0.78,2.0,1.1,0.8,0.4,0.4,4.9
267,Josh Hart,SF,24,NOP,16,27.0,3.5,0.423,1.9,0.342,1.3,0.739,6.5,1.7,1.0,0.4,1.2,10.1
268,Isaiah Hartenstein,C,21,HOU,2,11.6,1.9,0.657,0.0,0.0,0.8,0.679,3.9,0.8,0.4,0.5,0.7,4.7
269,Udonis Haslem,PF,39,MIA,1,11.0,1.0,0.364,0.3,0.333,0.8,0.75,4.0,0.3,0.0,0.0,0.3,3.0
270,Jaxson Hayes,C,19,NOP,14,16.9,2.7,0.672,0.0,0.25,1.9,0.647,4.0,0.9,0.4,0.9,0.8,7.4
271,Gordon Hayward,SF,29,BOS,52,33.5,6.7,0.5,1.6,0.383,2.4,0.855,6.7,4.1,0.7,0.4,1.8,17.5
272,John Henson,PF,29,TOT,8,15.0,2.4,0.556,0.2,0.222,0.6,0.5,4.1,1.4,0.6,1.1,0.9,5.5
273,John Henson,PF,29,CLE,2,14.2,2.1,0.508,0.2,0.194,0.6,0.515,3.9,1.5,0.6,1.1,0.7,5.0
274,John Henson,PF,29,DET,6,17.1,3.1,0.667,0.2,0.4,0.5,0.462,4.4,1.0,0.7,0.9,1.4,6.9
275,Dewan Hernandez,C,23,TOR,0,4.7,0.8,0.357,0.2,0.5,0.5,0.6,2.3,0.5,0.2,0.0,0.5,2.3
276,Juan Hernangómez,PF,24,TOT,14,17.4,2.1,0.405,0.9,0.341,0.9,0.62,4.1,0.8,0.4,0.2,0.7,6.0
277,Juan Hernangómez,PF,24,DEN,0,12.4,1.1,0.345,0.4,0.25,0.5,0.64,2.8,0.6,0.1,0.1,0.5,3.1
278,Juan Hernangómez,PF,24,MIN,14,29.4,4.4,0.453,2.1,0.42,2.0,0.609,7.3,1.3,1.0,0.3,1.0,12.9
279,Willy Hernangómez,C,25,CHO,0,12.1,2.4,0.532,0.2,0.227,1.2,0.627,4.3,0.9,0.3,0.2,1.0,6.1
280,Tyler Herro,SG,20,MIA,8,27.4,4.9,0.428,2.1,0.389,1.6,0.87,4.1,2.2,0.6,0.2,1.6,13.5
281,Kevin Hervey,PF,23,OKC,0,5.2,0.7,0.259,0.3,0.15,0.0,0.0,1.2,0.5,0.1,0.1,0.0,1.7
282,Mario Hezonja,PF,24,POR,4,16.4,1.7,0.422,0.5,0.308,0.9,0.814,3.5,0.9,0.7,0.2,0.8,4.8
283,Buddy Hield,SG,27,SAC,44,30.8,6.9,0.429,3.8,0.394,1.6,0.846,4.6,3.0,0.9,0.2,2.3,19.2
284,George Hill,PG,33,MIL,2,21.5,3.3,0.516,1.4,0.46,1.4,0.842,3.0,3.1,0.8,0.1,1.0,9.4
285,Solomon Hill,SF,28,TOT,4,18.4,1.9,0.396,1.1,0.368,0.7,0.741,2.8,1.8,0.7,0.2,0.9,5.5
286,Solomon Hill,SF,28,MEM,3,18.8,2.0,0.412,1.2,0.381,0.5,0.684,3.0,2.0,0.6,0.1,0.8,5.7
287,Solomon Hill,SF,28,MIA,1,17.0,1.3,0.311,0.6,0.292,1.3,0.875,1.9,0.9,1.1,0.5,1.0,4.5
288,Jaylen Hoard,SF,20,POR,0,7.9,1.2,0.469,0.0,0.0,0.6,0.615,2.5,0.3,0.4,0.0,0.3,2.9
289,Aaron Holiday,PG,23,IND,33,24.5,3.5,0.414,1.3,0.394,1.1,0.851,2.4,3.4,0.8,0.2,1.3,9.5
290,Jrue Holiday,SG,29,NOP,61,34.7,7.5,0.455,2.0,0.353,2.1,0.709,4.8,6.7,1.6,0.8,3.0,19.1
291,Justin Holiday,SG,30,IND,6,25.0,2.8,0.428,1.8,0.405,0.7,0.791,3.3,1.3,1.2,0.6,0.6,8.3
292,Rondae Hollis-Jefferson,SF,25,TOR,6,18.7,2.6,0.471,0.1,0.13,1.8,0.734,4.7,1.8,0.8,0.4,1.0,7.0
293,Richaun Holmes,C,26,SAC,38,28.2,5.1,0.648,0.0,0.0,2.1,0.788,8.1,1.0,0.9,1.3,1.2,12.3
294,Rodney Hood,SF,27,POR,21,29.5,4.1,0.506,1.7,0.493,1.0,0.778,3.4,1.5,0.8,0.2,0.9,11.0
295,Al Horford,C,33,PHI,61,30.2,4.8,0.45,1.5,0.35,0.9,0.763,6.8,4.0,0.8,0.9,1.2,11.9
296,Talen Horton-Tucker,SG,19,LAL,1,13.5,2.3,0.467,0.7,0.308,0.3,0.5,1.2,1.0,1.3,0.2,1.0,5.7
297,Danuel House,SF,26,HOU,52,30.4,3.7,0.427,2.0,0.363,1.2,0.811,4.2,1.3,1.1,0.5,0.9,10.5
298,Dwight Howard,C,34,LAL,2,18.9,2.9,0.729,0.0,0.6,1.6,0.514,7.3,0.7,0.4,1.1,1.2,7.5
299,William Howard,PF,26,HOU,0,6.5,0.0,0.0,0.0,0.0,0.0,0.0,1.0,0.5,0.0,0.0,0.5,0.0
300,Kevin Huerter,SG,21,ATL,48,31.4,4.5,0.413,2.3,0.38,0.9,0.828,4.1,3.8,0.9,0.5,1.6,12.2
301,De'Andre Hunter,SF,22,ATL,62,32.0,4.4,0.41,1.7,0.355,1.7,0.764,4.5,1.8,0.7,0.3,1.6,12.3
302,Chandler Hutchison,SF,23,CHI,10,18.8,2.9,0.457,0.4,0.316,1.6,0.59,3.9,0.9,1.0,0.3,1.0,7.8
303,Serge Ibaka,C,30,TOR,27,27.0,6.2,0.512,1.3,0.385,1.6,0.718,8.2,1.4,0.5,0.8,2.0,15.4
304,Andre Iguodala,SG,36,MIA,0,19.9,1.8,0.432,0.7,0.298,0.3,0.4,3.7,2.4,0.7,1.0,1.2,4.6
305,Ersan İlyasova,PF,32,MIL,8,15.7,2.3,0.466,0.8,0.365,1.1,0.828,4.8,0.8,0.4,0.3,0.5,6.6
306,Joe Ingles,SF,32,UTA,45,29.7,3.4,0.445,2.0,0.399,1.0,0.787,3.9,5.2,0.9,0.2,2.0,9.8
307,Brandon Ingram,PF,22,NOP,62,33.9,8.2,0.463,2.4,0.391,5.0,0.851,6.1,4.2,1.0,0.6,3.0,23.8
308,Kyrie Irving,PG,27,BRK,20,32.9,10.0,0.478,2.8,0.394,4.7,0.922,5.2,6.4,1.4,0.5,2.6,27.4
309,Jonathan Isaac,SF,22,ORL,32,28.8,4.6,0.47,0.9,0.34,1.8,0.779,6.8,1.4,1.6,2.3,1.4,11.9
310,Wesley Iwundu,SF,25,ORL,21,18.3,1.9,0.416,0.5,0.341,1.5,0.804,2.5,1.2,0.5,0.3,0.5,5.8
311,Frank Jackson,PG,21,NOP,2,13.5,2.3,0.405,0.8,0.326,0.9,0.747,1.4,1.0,0.3,0.1,0.8,6.3
312,Jaren Jackson Jr.,C,20,MEM,57,28.5,6.2,0.469,2.5,0.394,2.4,0.747,4.6,1.4,0.7,1.6,1.7,17.4
313,Josh Jackson,SG,22,MEM,0,17.3,3.2,0.44,1.0,0.319,1.6,0.7,3.0,1.6,0.8,0.4,1.3,9.0
314,Justin Jackson,PF,24,DAL,3,16.1,2.1,0.396,0.7,0.294,0.6,0.84,2.4,0.8,0.2,0.2,0.2,5.5
315,Reggie Jackson,PG,29,TOT,16,24.0,4.3,0.411,1.8,0.393,1.5,0.833,3.0,4.1,0.4,0.2,1.6,11.9
316,Reggie Jackson,PG,29,DET,10,27.2,5.4,0.384,2.2,0.378,1.9,0.788,2.9,5.1,0.6,0.1,1.6,14.9
317,Reggie Jackson,PG,29,LAC,6,21.3,3.4,0.453,1.5,0.413,1.1,0.905,3.0,3.2,0.3,0.2,1.6,9.5
318,Justin James,SG,23,SAC,0,6.4,1.0,0.417,0.3,0.31,0.3,0.476,0.9,0.5,0.2,0.3,0.2,2.5
319,LeBron James,PG,35,LAL,67,34.6,9.6,0.493,2.2,0.348,3.9,0.693,7.8,10.2,1.2,0.5,3.9,25.3
320,Amile Jefferson,PF,26,ORL,0,4.1,0.3,0.357,0.0,0.0,0.3,0.357,1.3,0.2,0.1,0.2,0.2,0.8
321,DaQuan Jeffries,SG,22,SAC,0,10.8,1.5,0.5,0.4,0.278,0.4,0.833,1.4,0.5,0.3,0.1,0.2,3.8
322,Ty Jerome,PG,22,PHO,0,10.6,1.2,0.336,0.5,0.28,0.4,0.75,1.5,1.4,0.5,0.1,0.6,3.3
323,Alize Johnson,SF,23,IND,1,6.9,0.7,0.414,0.2,0.375,0.4,0.7,2.8,0.4,0.2,0.1,0.4,2.0
324,B.J. Johnson,SF,24,ORL,0,8.3,0.9,0.281,0.3,0.333,0.9,0.9,1.5,0.3,0.3,0.0,0.6,3.0
325,Cameron Johnson,PF,23,PHO,9,22.0,3.1,0.435,1.9,0.39,0.8,0.807,3.3,1.2,0.6,0.4,0.6,8.8
326,James Johnson,PF,32,TOT,1,19.3,3.2,0.479,1.0,0.363,1.0,0.646,3.7,2.3,0.8,1.0,1.5,8.4
327,James Johnson,PF,32,MIA,0,15.6,2.2,0.448,0.9,0.356,0.4,0.571,2.9,1.2,0.3,0.7,0.8,5.7
328,James Johnson,PF,32,MIN,1,24.1,4.6,0.5,1.2,0.37,1.6,0.676,4.7,3.8,1.4,1.4,2.4,12.0
329,Keldon Johnson,SF,20,SAS,1,17.7,3.1,0.596,0.8,0.591,2.1,0.795,3.4,0.9,0.8,0.1,0.8,9.1
330,Stanley Johnson,PF,23,TOR,0,6.0,0.9,0.373,0.3,0.292,0.4,0.563,1.5,0.8,0.2,0.2,0.6,2.4
331,Tyler Johnson,SG,27,TOT,7,18.2,2.5,0.388,1.0,0.319,1.1,0.84,1.9,1.9,0.4,0.2,0.7,7.0
332,Tyler Johnson,SG,27,PHO,3,16.6,2.1,0.38,0.8,0.289,0.8,0.75,1.7,1.6,0.4,0.3,0.8,5.7
333,Tyler Johnson,SG,27,BRK,4,24.3,4.0,0.405,1.8,0.389,2.3,1.0,3.0,3.0,0.5,0.1,0.6,12.0
334,Nikola Jokić,C,24,DEN,73,32.0,7.7,0.528,1.1,0.314,3.4,0.817,9.7,7.0,1.2,0.6,3.1,19.9
335,Damian Jones,C,24,ATL,27,16.1,2.2,0.68,0.0,0.222,1.1,0.738,3.7,0.6,0.5,0.7,0.5,5.6
336,Derrick Jones Jr.,SF,22,MIA,16,23.3,3.1,0.527,0.6,0.28,1.6,0.772,3.9,1.1,1.0,0.6,0.5,8.5
337,Tyus Jones,PG,23,MEM,6,19.0,3.0,0.459,0.7,0.379,0.7,0.741,1.6,4.4,0.9,0.1,0.8,7.4
338,DeAndre Jordan,C,31,BRK,6,22.0,3.4,0.666,0.0,0.0,1.5,0.68,10.0,1.9,0.3,0.9,1.3,8.3
339,Cory Joseph,PG,28,SAC,26,24.4,2.4,0.415,0.8,0.352,0.8,0.857,2.6,3.5,0.7,0.3,1.1,6.4
340,Mfiondu Kabengele,C,22,LAC,0,5.3,1.2,0.438,0.8,0.45,0.4,1.0,0.9,0.2,0.2,0.2,0.2,3.5
341,Frank Kaminsky,C,26,PHO,13,19.9,3.5,0.45,1.1,0.331,1.6,0.678,4.5,1.9,0.4,0.3,0.9,9.7
342,Enes Kanter,C,27,BOS,7,16.9,3.4,0.572,0.0,0.143,1.2,0.707,7.4,1.0,0.4,0.7,1.0,8.1
343,Luke Kennard,SG,23,DET,25,32.9,5.4,0.442,2.6,0.399,2.4,0.893,3.5,4.1,0.4,0.2,1.5,15.8
344,Stanton Kidd,SF,27,UTA,0,3.8,0.0,0.0,0.0,0.0,0.0,0.0,0.8,0.3,0.0,0.0,0.5,0.0
345,Michael Kidd-Gilchrist,SF-PF,26,TOT,0,11.2,0.9,0.333,0.2,0.25,0.4,0.786,2.7,0.6,0.1,0.2,0.6,2.4
346,Michael Kidd-Gilchrist,PF,26,CHO,0,13.3,1.5,0.34,0.4,0.294,0.6,0.778,2.9,0.8,0.0,0.3,0.6,4.0
347,Michael Kidd-Gilchrist,SF,26,DAL,0,9.3,0.3,0.308,0.0,0.0,0.3,0.8,2.5,0.3,0.2,0.2,0.7,0.9
348,Louis King,SF,20,DET,0,6.2,0.8,0.381,0.4,0.364,0.0,0.0,1.0,0.5,0.2,0.0,0.2,2.0
349,Maxi Kleber,C,28,DAL,21,25.5,3.2,0.461,1.6,0.373,1.1,0.849,5.2,1.2,0.3,1.1,0.8,9.1
350,Brandon Knight,PG,28,TOT,3,18.5,2.4,0.353,1.8,0.344,0.8,0.588,1.6,2.8,0.4,0.1,1.5,7.3
351,Brandon Knight,PG,28,CLE,0,15.1,1.8,0.326,1.2,0.297,0.3,0.308,1.3,1.9,0.3,0.1,1.0,4.9
352,Brandon Knight,PG,28,DET,3,24.6,3.4,0.383,2.9,0.388,1.8,0.762,2.3,4.2,0.6,0.1,2.4,11.6
353,Kevin Knox,SF,20,NYK,4,17.9,2.2,0.359,1.0,0.327,1.0,0.653,2.8,0.9,0.4,0.4,0.7,6.4
354,John Konchar,SG,23,MEM,0,9.5,1.3,0.649,0.3,0.5,0.1,0.5,2.5,1.2,0.4,0.2,0.4,2.8
355,Furkan Korkmaz,SG,22,PHI,12,21.7,3.4,0.43,2.0,0.402,1.1,0.755,2.3,1.1,0.6,0.2,0.8,9.8
356,Luke Kornet,C,24,CHI,14,15.5,2.3,0.439,0.9,0.287,0.6,0.714,2.3,0.9,0.3,0.7,0.4,6.0
357,Kyle Korver,SF,38,MIL,1,16.6,2.2,0.43,1.7,0.418,0.6,0.854,2.1,1.2,0.4,0.2,0.8,6.7
358,Rodions Kurucs,PF,21,BRK,9,14.6,1.7,0.446,0.7,0.367,0.5,0.632,2.9,1.1,0.5,0.1,1.0,4.6
359,Kyle Kuzma,PF,24,LAL,9,25.0,4.8,0.436,1.4,0.316,1.9,0.735,4.5,1.3,0.5,0.4,1.5,12.8
360,Skal Labissière,C,23,POR,1,17.2,2.5,0.551,0.1,0.231,0.8,0.758,5.1,1.3,0.2,0.9,0.9,5.8
361,Jeremy Lamb,SG,27,IND,42,28.1,4.7,0.451,1.2,0.335,2.0,0.836,4.3,2.1,1.2,0.5,1.1,12.5
362,Romeo Langford,SG,20,BOS,2,11.6,0.9,0.35,0.2,0.185,0.6,0.72,1.3,0.4,0.3,0.3,0.3,2.5
363,Zach LaVine,SG,24,CHI,60,34.8,9.0,0.45,3.1,0.38,4.5,0.802,4.8,4.2,1.5,0.5,3.4,25.5
364,Vic Law,SF,24,ORL,0,7.8,0.8,0.333,0.1,0.143,0.3,0.333,1.4,0.4,0.3,0.0,0.3,1.9
365,Jake Layman,PF,25,MIN,2,22.0,3.5,0.453,1.0,0.333,1.0,0.75,2.5,0.7,0.7,0.4,1.0,9.1
366,T.J. Leaf,PF,22,IND,1,7.9,1.3,0.419,0.2,0.278,0.3,0.438,2.5,0.3,0.4,0.1,0.3,3.0
367,Jalen Lecque,PG,19,PHO,0,6.4,0.8,0.4,0.0,0.0,0.4,1.0,0.4,0.4,0.0,0.0,0.4,2.0
368,Courtney Lee,SG,34,DAL,9,14.4,1.7,0.488,0.9,0.447,0.3,0.857,1.3,0.5,0.8,0.3,0.5,4.5
369,Damion Lee,SG,27,GSW,36,29.0,4.3,0.417,1.7,0.356,2.2,0.873,4.9,2.7,1.0,0.1,1.4,12.7
370,Alex Len,C,26,TOT,12,17.6,3.2,0.555,0.3,0.271,1.2,0.648,5.8,0.9,0.4,0.9,1.0,8.0
371,Alex Len,C,26,ATL,9,18.6,3.6,0.546,0.4,0.25,1.3,0.63,5.8,1.1,0.5,0.8,1.0,8.7
372,Alex Len,C,26,SAC,3,15.0,2.3,0.593,0.1,0.667,1.1,0.708,6.1,0.5,0.2,1.0,1.1,5.9
373,Kawhi Leonard,SF,28,LAC,57,32.4,9.3,0.47,2.2,0.378,6.2,0.886,7.1,4.9,1.8,0.6,2.6,27.1
374,Meyers Leonard,C,27,MIA,49,20.3,2.3,0.509,1.0,0.414,0.4,0.643,5.1,1.1,0.3,0.3,0.8,6.1
375,Caris LeVert,SG,25,BRK,31,29.6,6.9,0.425,1.8,0.364,3.1,0.711,4.2,4.4,1.2,0.2,2.6,18.7
376,Damian Lillard,PG,29,POR,66,37.5,9.5,0.463,4.1,0.401,7.0,0.888,4.3,8.0,1.1,0.3,2.9,30.0
377,Nassir Little,PF,19,POR,5,11.9,1.4,0.43,0.3,0.237,0.6,0.636,2.3,0.5,0.3,0.3,0.3,3.6
378,Kevon Looney,C,23,GSW,4,13.1,1.5,0.367,0.1,0.071,0.5,0.75,3.3,1.0,0.6,0.3,0.6,3.4
379,Brook Lopez,C,31,MIL,67,26.7,4.3,0.435,1.5,0.314,1.9,0.836,4.6,1.5,0.7,2.4,1.0,12.0
380,Robin Lopez,C,31,MIL,5,14.5,2.2,0.492,0.5,0.333,0.4,0.528,2.4,0.7,0.2,0.7,1.0,5.4
381,Kevin Love,PF,31,CLE,56,31.8,5.8,0.45,2.6,0.374,3.3,0.854,9.8,3.2,0.6,0.3,2.5,17.6
382,Kyle Lowry,PG,33,TOR,58,36.2,5.8,0.416,2.8,0.352,5.1,0.857,5.0,7.5,1.4,0.4,3.1,19.4
383,Timothé Luwawu-Cabarrot,SG,24,BRK,2,18.1,2.5,0.435,1.3,0.388,1.5,0.852,2.7,0.6,0.4,0.1,0.8,7.8
384,Trey Lyles,PF,24,SAS,53,20.2,2.4,0.446,1.0,0.387,0.5,0.733,5.7,1.1,0.4,0.4,0.6,6.4
385,Daryl Macon,SG,24,MIA,0,3.5,0.3,0.333,0.3,0.5,0.0,0.0,0.0,0.3,0.0,0.0,0.5,0.8
386,J.P. Macura,SG,24,CLE,0,1.0,0.0,0.0,0.0,0.0,0.0,0.0,0.0,0.0,0.0,0.0,0.0,0.0
387,Josh Magette,PG,30,ORL,0,4.8,0.6,0.333,0.1,0.25,0.1,0.5,0.8,0.6,0.4,0.1,0.6,1.5
388,Ian Mahinmi,C,33,WAS,35,21.3,2.7,0.495,0.1,0.192,1.8,0.619,5.7,1.3,0.8,1.2,1.2,7.4
389,Thon Maker,C,22,DET,14,12.9,1.6,0.482,0.4,0.344,1.2,0.664,2.8,0.7,0.4,0.7,0.8,4.7
390,Terance Mann,SG,23,LAC,6,8.8,0.9,0.468,0.2,0.35,0.4,0.667,1.3,1.3,0.3,0.1,0.4,2.4
391,Boban Marjanović,C,31,DAL,5,9.6,2.8,0.573,0.1,0.235,1.0,0.754,4.5,0.5,0.2,0.2,0.7,6.6
392,Lauri Markkanen,PF,22,CHI,50,29.8,5.0,0.425,2.2,0.344,2.5,0.824,6.3,1.5,0.8,0.5,1.6,14.7
393,Caleb Martin,SF,24,CHO,1,17.6,2.1,0.44,1.1,0.541,0.9,0.81,2.1,1.3,0.7,0.4,0.8,6.2
394,Cody Martin,SF,24,CHO,3,18.8,1.9,0.43,0.4,0.234,0.9,0.646,3.3,2.0,0.8,0.2,0.9,5.0
395,Jeremiah Martin,PG,23,BRK,0,11.0,2.7,0.453,0.6,0.278,1.2,0.786,1.1,2.0,0.8,0.2,0.4,7.1
396,Kelan Martin,SF,24,MIN,4,16.0,2.3,0.392,0.8,0.26,1.0,0.968,3.1,0.7,0.2,0.3,0.6,6.4
397,Frank Mason III,PG,25,MIL,0,13.1,2.6,0.451,0.7,0.286,1.1,0.588,2.1,3.2,0.6,0.1,1.2,6.9
398,Garrison Mathews,SG,23,WAS,0,12.6,1.3,0.429,1.1,0.413,1.7,0.912,1.3,0.6,0.4,0.1,0.4,5.4
399,Wesley Matthews,SG,33,MIL,67,24.4,2.5,0.396,1.6,0.364,0.8,0.765,2.5,1.4,0.6,0.1,0.6,7.4
400,Luc Mbah a Moute,PF,33,HOU,0,8.3,0.7,0.4,0.0,0.0,0.3,0.5,0.7,0.0,0.7,0.0,0.3,1.7
401,Patrick McCaw,SF,24,TOR,12,24.5,1.8,0.414,0.6,0.324,0.4,0.722,2.3,2.1,1.1,0.1,0.8,4.6
402,CJ McCollum,SG,28,POR,70,36.5,8.7,0.451,2.8,0.379,2.0,0.757,4.2,4.4,0.8,0.6,1.8,22.2
403,T.J. McConnell,PG,27,IND,3,18.7,3.0,0.516,0.1,0.294,0.5,0.833,2.7,5.0,0.8,0.2,1.4,6.5
404,Jalen McDaniels,PF,22,CHO,0,18.3,2.1,0.471,0.6,0.375,0.9,0.824,4.1,0.8,0.5,0.2,0.7,5.6
405,Doug McDermott,PF,28,IND,0,19.9,3.9,0.488,1.9,0.435,0.7,0.828,2.5,1.1,0.2,0.1,0.6,10.3
406,JaVale McGee,C,32,LAL,68,16.6,2.9,0.637,0.0,0.5,0.8,0.646,5.7,0.5,0.5,1.4,0.8,6.6
407,Rodney McGruder,SG,28,LAC,4,15.6,1.3,0.398,0.4,0.27,0.3,0.559,2.7,0.6,0.5,0.1,0.4,3.3
408,Alfonzo McKinnie,SF,27,CLE,1,14.8,1.8,0.427,0.4,0.215,0.6,0.71,2.8,0.4,0.6,0.2,0.7,4.6
409,Jordan McLaughlin,PG,23,MIN,2,19.7,2.9,0.489,1.0,0.382,0.9,0.667,1.6,4.2,1.1,0.1,1.0,7.6
410,Ben McLemore,SG,26,HOU,23,22.8,3.4,0.444,2.5,0.4,0.7,0.746,2.2,0.8,0.6,0.2,0.7,10.1
411,Jordan McRae,SG,28,TOT,4,21.2,4.0,0.407,1.2,0.357,2.2,0.761,3.4,2.5,0.6,0.4,1.2,11.5
412,Jordan McRae,SG,28,WAS,4,22.6,4.6,0.42,1.4,0.377,2.2,0.771,3.6,2.8,0.7,0.5,1.3,12.8
413,Jordan McRae,SG,28,DEN,0,8.0,0.5,0.333,0.5,0.5,0.8,0.75,1.3,1.0,0.5,0.3,0.0,2.3
414,Jordan McRae,SG,28,DET,0,24.5,3.5,0.326,0.8,0.188,4.0,0.727,3.8,1.8,0.0,0.0,1.3,11.8
415,Nicolò Melli,C,29,NOP,8,17.4,2.3,0.421,1.2,0.335,0.9,0.74,3.0,1.4,0.6,0.4,0.8,6.6
416,De'Anthony Melton,PG,21,MEM,8,19.5,2.7,0.401,0.7,0.286,1.6,0.769,3.7,2.9,1.3,0.3,1.4,7.6
417,Chimezie Metu,PF,22,SAS,0,5.8,1.3,0.571,0.0,0.0,0.6,0.769,1.8,0.6,0.2,0.3,0.6,3.2
418,Khris Middleton,SF,28,MIL,59,29.9,7.6,0.497,2.4,0.415,3.4,0.916,6.2,4.3,0.9,0.1,2.2,20.9
419,Eric Mika,PF,25,SAC,0,19.0,2.0,0.667,0.0,0.0,2.0,1.0,7.0,0.0,0.0,0.0,0.0,6.0
420,C.J. Miles,SG,32,WAS,0,16.1,1.9,0.322,1.1,0.314,1.5,0.75,1.2,1.2,1.0,0.4,0.4,6.4
421,Malcolm Miller,SF,26,TOR,1,5.8,0.4,0.414,0.3,0.364,0.1,0.375,0.6,0.4,0.2,0.1,0.1,1.3
422,Patty Mills,PG,31,SAS,1,22.5,3.9,0.431,2.3,0.382,1.5,0.866,1.6,1.8,0.8,0.1,0.8,11.6
423,Paul Millsap,PF,34,DEN,48,24.3,4.1,0.482,1.1,0.435,2.3,0.816,5.7,1.6,0.9,0.6,1.4,11.6
424,Shake Milton,SG,23,PHI,24,20.1,3.4,0.484,1.5,0.43,1.3,0.785,2.2,2.6,0.5,0.2,1.2,9.4
425,Donovan Mitchell,SG,23,UTA,69,34.3,8.7,0.449,2.5,0.366,4.0,0.863,4.4,4.3,1.0,0.2,2.7,24.0
426,Naz Mitrou-Long,SG,26,IND,0,9.4,1.2,0.353,0.4,0.167,0.0,0.0,1.4,1.6,0.2,0.2,0.6,2.8
427,Adam Mokoka,SG,21,CHI,0,10.2,1.1,0.429,0.5,0.4,0.2,0.5,0.9,0.4,0.4,0.0,0.2,2.9
428,Malik Monk,SG,21,CHO,1,21.3,3.9,0.434,1.1,0.284,1.5,0.82,2.9,2.1,0.5,0.3,1.4,10.3
429,Matt Mooney,SG,22,CLE,0,4.8,0.3,0.25,0.0,0.0,0.0,0.0,0.8,0.3,0.5,0.3,0.0,0.5
430,E'Twaun Moore,SG,30,NOP,6,18.2,3.3,0.426,1.1,0.377,0.6,0.689,2.3,1.4,0.6,0.2,0.7,8.3
431,Ja Morant,PG,20,MEM,67,31.0,6.7,0.477,0.9,0.335,3.6,0.776,3.9,7.3,0.9,0.3,3.3,17.8
432,Juwan Morgan,PF,22,UTA,0,6.4,0.7,0.577,0.1,0.375,0.1,0.75,1.4,0.3,0.0,0.1,0.3,1.7
433,Marcus Morris,SF-PF,30,TOT,62,31.2,5.7,0.438,2.3,0.408,2.9,0.823,5.0,1.4,0.8,0.5,1.6,16.7
434,Marcus Morris,SF,30,NYK,43,32.3,6.5,0.442,2.7,0.439,3.8,0.823,5.4,1.4,0.8,0.4,1.7,19.6
435,Marcus Morris,PF,30,LAC,19,28.9,3.9,0.425,1.4,0.31,0.9,0.818,4.1,1.4,0.7,0.7,1.3,10.1
436,Markieff Morris,PF,30,TOT,17,20.5,3.5,0.443,1.5,0.386,1.1,0.776,3.8,1.3,0.5,0.3,1.3,9.7
437,Markieff Morris,PF,30,DET,16,22.5,4.0,0.45,1.7,0.397,1.4,0.772,3.9,1.6,0.6,0.3,1.6,11.0
438,Markieff Morris,PF,30,LAL,1,14.2,2.0,0.406,0.9,0.333,0.4,0.833,3.2,0.6,0.4,0.4,0.4,5.3
439,Monte Morris,PG,24,DEN,12,22.4,3.6,0.459,0.9,0.378,1.0,0.843,1.9,3.5,0.8,0.2,0.7,9.0
440,Johnathan Motley,PF,24,LAC,0,3.2,0.8,0.733,0.1,1.0,0.4,0.714,0.8,0.6,0.2,0.0,0.4,2.2
441,Emmanuel Mudiay,PG,23,UTA,2,15.7,2.8,0.462,0.6,0.345,1.2,0.759,2.3,2.1,0.4,0.2,1.4,7.3
442,Mychal Mulder,SG,25,GSW,3,29.1,3.7,0.388,2.3,0.308,1.3,0.75,3.3,1.1,0.3,0.1,0.7,11.0
443,Dejounte Murray,PG,23,SAS,58,25.6,4.5,0.462,0.6,0.369,1.4,0.798,5.8,4.1,1.7,0.3,1.9,10.9
444,Jamal Murray,PG,22,DEN,59,32.3,6.9,0.456,1.9,0.346,2.8,0.881,4.0,4.8,1.1,0.3,2.2,18.5
445,Džanan Musa,SF,20,BRK,0,12.2,1.6,0.372,0.5,0.244,1.1,0.75,2.2,1.1,0.4,0.0,0.9,4.8
446,Mike Muscala,C,28,OKC,2,12.2,1.6,0.407,1.1,0.378,0.4,0.818,2.3,0.9,0.2,0.3,0.4,4.8
447,Sviatoslav Mykhailiuk,SF,22,DET,27,22.6,3.0,0.41,2.1,0.404,1.0,0.814,1.9,1.9,0.7,0.1,1.1,9.0
448,Abdel Nader,SF,26,OKC,6,15.8,2.2,0.468,0.9,0.375,0.9,0.773,1.8,0.7,0.4,0.4,0.8,6.3
449,Larry Nance Jr.,C,27,CLE,10,26.3,4.1,0.531,1.0,0.352,0.9,0.676,7.3,2.2,1.0,0.4,1.1,10.1
450,Shabazz Napier,PG,28,TOT,32,24.0,3.4,0.412,1.4,0.317,2.3,0.824,2.8,4.7,1.2,0.2,2.3,10.3
451,Shabazz Napier,PG,28,MIN,22,23.8,3.2,0.403,1.3,0.296,2.0,0.818,3.1,5.2,1.1,0.2,2.1,9.6
452,Shabazz Napier,PG,28,WAS,10,24.4,3.7,0.428,1.5,0.358,2.7,0.831,2.4,3.8,1.5,0.2,2.6,11.6
453,Raul Neto,PG,27,PHI,3,12.4,1.9,0.455,0.6,0.386,0.7,0.83,1.1,1.8,0.4,0.1,0.9,5.1
454,Malik Newman,SG,22,CLE,0,4.0,0.0,0.0,0.0,0.0,2.0,1.0,0.0,0.0,0.0,0.0,1.0,2.0
455,Georges Niang,PF,26,UTA,1,14.0,2.1,0.438,1.4,0.4,0.3,0.833,1.9,0.7,0.3,0.1,0.5,5.9
456,Joakim Noah,C,34,LAC,0,10.0,0.8,0.5,0.0,0.0,1.2,0.75,3.2,1.4,0.2,0.2,1.2,2.8
457,Nerlens Noel,C,25,OKC,7,18.5,3.0,0.684,0.0,0.333,1.3,0.755,4.9,0.9,1.0,1.5,1.1,7.4
458,Zach Norvell,SG,22,TOT,0,8.2,0.6,0.25,0.6,0.375,0.2,1.0,1.2,0.6,0.4,0.0,0.6,2.0
459,Zach Norvell,SG,22,LAL,0,2.5,0.0,0.0,0.0,0.0,0.0,0.0,0.5,0.0,0.0,0.0,0.0,0.0
460,Zach Norvell,SG,22,GSW,0,12.0,1.0,0.273,1.0,0.375,0.3,1.0,1.7,1.0,0.7,0.0,1.0,3.3
461,Jaylen Nowell,SG,20,MIN,0,10.1,1.3,0.358,0.2,0.115,1.1,0.941,0.9,1.3,0.2,0.1,0.2,3.8
462,Frank Ntilikina,PG,21,NYK,26,20.8,2.3,0.393,0.8,0.321,0.9,0.864,2.1,3.0,0.9,0.3,1.2,6.3
463,Kendrick Nunn,SG,24,MIA,67,29.3,6.0,0.439,2.0,0.35,1.3,0.85,2.7,3.3,0.8,0.2,1.7,15.3
464,Jusuf Nurkić,C,25,POR,8,31.6,6.8,0.495,0.3,0.2,3.9,0.886,10.3,4.0,1.4,2.0,2.4,17.6
465,David Nwaba,SF,27,BRK,0,13.4,1.9,0.521,0.6,0.429,0.9,0.667,2.3,0.4,0.6,0.6,0.4,5.2
466,Royce O'Neale,PF,26,UTA,62,28.9,2.2,0.433,1.3,0.377,0.6,0.764,5.5,2.5,0.8,0.5,0.9,6.3
467,Kyle O'Quinn,C,29,PHI,2,10.8,1.4,0.494,0.2,0.259,0.4,0.55,4.0,1.8,0.2,0.8,0.7,3.5
468,Semi Ojeleye,PF,25,BOS,6,14.7,1.2,0.408,0.7,0.378,0.4,0.875,2.1,0.5,0.3,0.1,0.3,3.4
469,Jahlil Okafor,C,24,NOP,9,15.6,3.4,0.623,0.0,0.333,1.3,0.645,4.2,1.2,0.2,0.7,1.3,8.1
470,Elie Okobo,PG,22,PHO,3,13.1,1.3,0.398,0.5,0.352,0.9,0.704,1.6,2.1,0.4,0.1,0.7,4.0
471,Josh Okogie,SG,21,MIN,28,25.0,2.7,0.427,0.7,0.266,2.5,0.796,4.3,1.6,1.1,0.4,1.4,8.6
472,KZ Okpala,SF,20,MIA,0,5.2,0.6,0.6,0.0,0.0,0.2,0.5,1.0,0.2,0.4,0.2,0.2,1.4
473,Victor Oladipo,SG,27,IND,16,27.8,5.1,0.394,1.7,0.317,2.5,0.814,3.9,2.9,0.9,0.2,2.5,14.5
474,Kelly Olynyk,C,28,MIA,9,19.4,2.7,0.462,1.4,0.406,1.3,0.86,4.6,1.7,0.7,0.3,1.1,8.2
475,Miye Oni,SG,22,UTA,1,10.9,1.2,0.375,0.7,0.368,0.4,0.8,1.7,0.4,0.4,0.2,0.4,3.5
476,Cedi Osman,SF,24,CLE,65,29.4,4.1,0.437,1.9,0.383,1.0,0.67,3.6,2.4,0.8,0.2,1.4,11.0
477,Kelly Oubre Jr.,SF,24,PHO,55,34.5,6.7,0.452,1.9,0.352,3.4,0.78,6.4,1.5,1.3,0.7,1.5,18.7
478,Tariq Owens,PF,24,PHO,0,5.0,0.3,0.2,0.0,0.0,0.7,1.0,1.0,0.0,0.3,0.0,0.0,1.3
479,Jeremy Pargo,PG,33,GSW,0,14.7,3.7,0.5,1.0,0.429,0.0,0.0,1.0,2.7,0.3,0.0,1.3,8.3
480,Jabari Parker,PF,24,TOT,23,24.1,5.8,0.51,0.8,0.269,1.6,0.753,5.6,1.8,1.2,0.4,1.7,14.0
481,Jabari Parker,PF,24,ATL,23,26.2,6.2,0.504,1.0,0.27,1.7,0.736,6.0,1.8,1.3,0.5,1.9,15.0
482,Jabari Parker,PF,24,SAC,0,13.3,3.5,0.583,0.2,0.25,1.3,0.889,3.8,1.7,0.5,0.2,0.7,8.5
483,Chandler Parsons,SF,31,ATL,0,10.8,1.0,0.278,0.8,0.286,0.0,0.0,1.4,0.6,0.8,0.2,0.6,2.8
484,Eric Paschall,PF,23,GSW,26,27.6,5.3,0.497,0.6,0.287,2.7,0.774,4.6,2.1,0.5,0.2,1.6,14.0
485,Anžejs Pasečņiks,C,24,WAS,0,16.2,2.3,0.526,0.0,0.0,1.3,0.586,4.0,0.7,0.3,0.4,0.9,5.8
486,Patrick Patterson,PF,30,LAC,18,13.2,1.6,0.408,1.1,0.39,0.6,0.814,2.6,0.7,0.1,0.1,0.4,4.9
487,Justin Patton,C,22,OKC,0,4.8,0.8,0.4,0.2,0.25,0.0,0.0,1.0,0.4,0.0,0.0,0.4,1.8
488,Chris Paul,PG,34,OKC,70,31.5,6.2,0.489,1.6,0.365,3.6,0.907,5.0,6.7,1.6,0.2,2.3,17.6
489,Cameron Payne,PG,25,PHO,0,22.9,4.1,0.485,1.9,0.517,0.8,0.857,3.9,3.0,1.0,0.3,1.4,10.9
490,Elfrid Payton,PG,25,NYK,36,27.7,4.3,0.439,0.3,0.203,1.1,0.57,4.7,7.2,1.6,0.4,2.1,10.0
491,Gary Payton II,PG,27,WAS,17,14.9,1.7,0.414,0.4,0.283,0.1,0.5,2.8,1.7,1.1,0.2,0.7,3.9
492,Norvel Pelle,C,26,PHI,0,9.7,1.0,0.521,0.0,0.0,0.3,0.5,3.0,0.3,0.1,1.3,0.8,2.4
493,Theo Pinson,SG,24,BRK,0,11.1,1.4,0.29,0.5,0.188,0.5,0.938,1.6,1.7,0.5,0.1,1.0,3.6
494,Mason Plumlee,C,29,DEN,1,17.3,2.9,0.615,0.0,0.0,1.4,0.535,5.2,2.5,0.5,0.6,1.3,7.2
495,Jakob Poeltl,C,24,SAS,18,17.7,2.5,0.624,0.0,0.0,0.6,0.465,5.7,1.8,0.6,1.4,0.8,5.6
496,Vincent Poirier,C,26,BOS,0,5.9,0.8,0.472,0.0,0.5,0.3,0.857,2.0,0.4,0.1,0.4,0.4,1.9
497,Shamorie Ponds,PG,21,TOR,0,2.8,0.8,0.6,0.3,0.5,0.5,1.0,0.3,0.5,0.0,0.3,0.0,2.3
498,Jordan Poole,SG,20,GSW,14,22.4,2.9,0.333,1.3,0.279,1.7,0.798,2.1,2.4,0.6,0.2,1.3,8.8
499,Kevin Porter Jr.,SF,19,CLE,3,23.2,3.7,0.442,1.1,0.335,1.5,0.723,3.2,2.2,0.9,0.3,1.9,10.0
500,Michael Porter Jr.,PF,21,DEN,8,16.4,3.5,0.509,1.1,0.422,1.1,0.833,4.7,0.8,0.5,0.5,0.9,9.3
501,Otto Porter,SF,26,CHI,9,23.6,4.4,0.443,1.7,0.387,1.4,0.704,3.4,1.8,1.1,0.4,0.8,11.9
502,Bobby Portis,C,24,NYK,5,21.1,4.0,0.45,1.0,0.358,1.1,0.763,5.1,1.5,0.5,0.3,1.1,10.1
503,Kristaps Porziņģis,PF,24,DAL,57,31.8,7.0,0.427,2.5,0.352,4.0,0.799,9.5,1.8,0.7,2.0,1.6,20.4
504,Dwight Powell,C,28,DAL,37,26.5,3.7,0.638,0.3,0.256,1.9,0.667,5.7,1.5,0.9,0.6,0.9,9.4
505,Norman Powell,SG,26,TOR,26,28.4,5.7,0.495,2.1,0.399,2.5,0.843,3.7,1.8,1.2,0.4,1.5,16.0
506,Chasson Randle,PG,26,GSW,0,13.3,0.0,0.0,0.0,0.0,1.7,0.833,0.7,1.7,0.7,0.0,0.0,1.7
507,Julius Randle,PF,25,NYK,64,32.5,7.2,0.46,1.0,0.277,4.0,0.733,9.7,3.1,0.8,0.3,3.0,19.5
508,Josh Reaves,SG,22,DAL,0,7.0,0.8,0.333,0.0,0.0,0.5,1.0,0.8,0.8,0.0,0.0,0.0,2.0
509,Cam Reddish,SF,20,ATL,34,26.7,3.7,0.384,1.4,0.332,1.7,0.802,3.7,1.5,1.1,0.5,1.7,10.5
510,J.J. Redick,SG,35,NOP,36,26.4,4.8,0.453,3.0,0.453,2.8,0.892,2.5,2.0,0.3,0.2,1.3,15.3
511,Naz Reid,C,20,MIN,11,16.5,3.3,0.412,1.1,0.33,1.2,0.698,4.1,1.2,0.6,0.7,0.7,9.0
512,Josh Richardson,SG,26,PHI,53,30.8,5.1,0.43,1.5,0.341,2.1,0.809,3.2,2.9,0.9,0.7,1.9,13.7
513,Austin Rivers,SG,27,HOU,4,23.4,3.1,0.421,1.4,0.356,1.1,0.703,2.6,1.7,0.7,0.1,0.7,8.8
514,Andre Roberson,SG,28,OKC,0,12.4,1.1,0.276,0.4,0.214,0.1,0.5,3.9,0.6,0.1,0.4,0.3,2.9
515,Duncan Robinson,SF,25,MIA,68,29.7,4.4,0.47,3.7,0.446,0.9,0.931,3.2,1.4,0.5,0.3,1.0,13.5
516,Glenn Robinson III,SF,26,TOT,52,28.8,4.6,0.486,1.2,0.391,1.2,0.86,4.4,1.5,0.9,0.3,0.9,11.7
517,Glenn Robinson III,SF,26,GSW,48,31.6,5.1,0.481,1.4,0.4,1.3,0.851,4.7,1.8,0.9,0.3,1.0,12.9
518,Glenn Robinson III,SF,26,PHI,4,19.3,3.1,0.518,0.6,0.333,0.8,0.917,3.1,0.8,0.6,0.1,0.4,7.7
519,Jerome Robinson,SG,22,TOT,6,15.5,1.8,0.371,0.8,0.32,0.6,0.702,2.0,1.4,0.4,0.3,0.8,5.1
520,Jerome Robinson,SG,22,LAC,1,11.3,1.1,0.338,0.5,0.284,0.3,0.579,1.4,1.1,0.3,0.2,0.6,2.9
521,Jerome Robinson,SG,22,WAS,5,24.0,3.3,0.397,1.4,0.349,1.4,0.763,3.3,2.0,0.7,0.4,1.1,9.4
522,Justin Robinson,PG,22,WAS,0,5.4,0.6,0.417,0.3,0.6,0.0,0.0,0.6,0.8,0.0,0.1,0.3,1.4
523,Mitchell Robinson,C,21,NYK,7,23.1,4.1,0.742,0.0,0.0,1.4,0.568,7.0,0.6,0.9,2.0,0.6,9.7
524,Isaiah Roby,SF,21,OKC,0,3.7,0.0,0.0,0.0,0.0,0.0,0.0,0.7,0.0,0.0,0.0,0.3,0.0
525,Rajon Rondo,PG,33,LAL,3,20.5,2.9,0.418,0.9,0.328,0.6,0.659,3.0,5.0,0.8,0.0,1.9,7.1
526,Derrick Rose,PG,31,DET,15,26.0,7.4,0.49,0.9,0.306,2.4,0.871,2.4,5.6,0.8,0.3,2.5,18.1
527,Terrence Ross,SG,28,ORL,0,27.4,4.9,0.403,2.6,0.351,2.3,0.853,3.2,1.2,1.1,0.3,1.0,14.7
528,Terry Rozier,PG,25,CHO,63,34.3,6.3,0.423,2.7,0.407,2.6,0.874,4.4,4.1,1.0,0.2,2.2,18.0
529,Ricky Rubio,PG,29,PHO,65,31.0,4.4,0.415,1.2,0.361,3.0,0.863,4.7,8.8,1.4,0.2,2.7,13.0
530,D'Angelo Russell,PG,23,TOT,45,32.3,8.0,0.426,3.5,0.367,3.6,0.809,3.9,6.3,1.1,0.3,3.3,23.1
531,D'Angelo Russell,PG,23,GSW,33,32.1,8.3,0.43,3.6,0.374,3.4,0.785,3.7,6.2,0.9,0.3,3.1,23.6
532,D'Angelo Russell,PG,23,MIN,12,32.7,7.3,0.412,3.2,0.345,4.0,0.873,4.6,6.6,1.4,0.3,3.8,21.7
533,Domantas Sabonis,PF,23,IND,62,34.8,7.4,0.54,0.3,0.254,3.5,0.723,12.4,5.0,0.8,0.5,2.7,18.5
534,Luka Šamanić,PF,20,SAS,1,16.0,1.7,0.313,1.0,0.375,1.0,0.75,3.3,2.0,0.0,0.7,0.7,5.3
535,JaKarr Sampson,SF,26,IND,12,13.9,2.0,0.591,0.1,0.154,0.5,0.667,2.6,0.6,0.5,0.4,0.4,4.6
536,Dario Šarić,PF,25,PHO,51,24.7,3.9,0.476,1.3,0.357,1.6,0.844,6.2,1.9,0.6,0.2,1.3,10.7
537,Tomáš Satoranský,PG,28,CHI,64,28.9,3.6,0.43,1.0,0.322,1.6,0.876,3.9,5.4,1.2,0.1,2.0,9.9
538,Admiral Schofield,SF,22,WAS,2,11.2,1.1,0.38,0.6,0.311,0.3,0.667,1.4,0.5,0.2,0.1,0.2,3.0
539,Dennis Schröder,PG,26,OKC,2,30.8,7.0,0.469,1.9,0.385,3.0,0.839,3.6,4.0,0.7,0.2,2.6,18.9
540,Mike Scott,PF,31,PHI,11,17.8,2.2,0.426,1.2,0.369,0.4,0.811,3.6,0.8,0.3,0.1,0.4,6.0
541,Thabo Sefolosha,PF,35,HOU,0,10.6,0.9,0.407,0.4,0.278,0.1,0.375,2.3,0.6,0.6,0.3,0.4,2.2
542,Collin Sexton,SG,21,CLE,65,33.0,7.9,0.472,1.5,0.38,3.5,0.846,3.1,3.0,1.0,0.1,2.4,20.8
543,Landry Shamet,SG,22,LAC,30,27.4,3.0,0.404,2.1,0.375,1.2,0.855,1.9,1.9,0.4,0.2,0.8,9.3
544,Marial Shayok,SG,24,PHI,0,7.0,0.8,0.25,0.5,0.333,0.8,0.75,1.8,0.3,0.0,0.3,0.8,2.8
545,Iman Shumpert,SG,29,BRK,0,18.5,1.6,0.328,0.6,0.242,0.3,0.571,2.6,0.9,0.9,0.2,0.8,4.2
546,Pascal Siakam,PF,25,TOR,60,35.2,8.3,0.453,2.2,0.359,4.0,0.792,7.3,3.5,1.0,0.9,2.5,22.9
547,Chris Silva,PF,23,MIA,0,7.9,1.1,0.615,0.0,0.0,0.8,0.673,2.9,0.5,0.2,0.5,0.7,3.0
548,Ben Simmons,PG,23,PHI,57,35.4,6.6,0.58,0.0,0.286,3.2,0.621,7.8,8.0,2.1,0.6,3.5,16.4
549,Anfernee Simons,SG,20,POR,4,20.7,3.1,0.399,1.1,0.332,1.1,0.826,2.2,1.4,0.4,0.1,0.9,8.3
550,Alen Smailagić,PF,19,GSW,0,9.9,1.4,0.5,0.2,0.231,1.1,0.842,1.9,0.9,0.2,0.3,0.8,4.2
551,Marcus Smart,SG,25,BOS,40,32.0,4.3,0.375,2.3,0.347,2.1,0.836,3.8,4.9,1.7,0.5,1.7,12.9
552,Dennis Smith Jr.,PG,22,NYK,3,15.8,2.1,0.341,0.5,0.296,0.8,0.509,2.3,2.9,0.8,0.2,1.7,5.5
553,Ish Smith,PG,31,WAS,23,26.3,4.5,0.447,0.9,0.367,0.9,0.721,3.2,4.9,0.9,0.4,1.4,10.9
554,J.R. Smith,SG,34,LAL,0,13.2,1.2,0.318,0.2,0.091,0.3,1.0,0.8,0.5,0.2,0.0,0.7,2.8
555,Zhaire Smith,SG,20,PHI,0,4.6,0.4,0.273,0.0,0.0,0.3,0.5,0.3,0.3,0.4,0.0,0.3,1.1
556,Tony Snell,SF,28,DET,57,27.8,2.9,0.445,1.7,0.402,0.5,1.0,1.9,2.2,0.5,0.3,0.5,8.0
557,Omari Spellman,PF,22,GSW,3,18.1,2.6,0.431,0.9,0.391,1.5,0.793,4.5,1.0,0.7,0.5,1.1,7.6
558,Max Strus,SG,23,CHI,0,3.0,1.0,0.667,0.0,0.0,0.5,1.0,0.5,0.0,0.0,0.0,0.0,2.5
559,Edmond Sumner,PG,24,IND,3,14.4,2.0,0.43,0.5,0.264,0.5,0.552,1.5,1.8,0.5,0.3,0.7,4.9
560,Caleb Swanigan,PF,22,TOT,1,10.7,1.0,0.596,0.0,0.0,0.3,0.529,3.7,1.1,0.1,0.3,1.4,2.4
561,Caleb Swanigan,PF,22,SAC,0,3.3,0.3,0.5,0.0,0.0,0.1,0.5,1.0,0.3,0.1,0.3,0.9,0.7
562,Caleb Swanigan,PF,22,POR,1,13.3,1.3,0.605,0.0,0.0,0.4,0.533,4.7,1.5,0.1,0.3,1.6,3.0
563,Jayson Tatum,PF,21,BOS,66,34.3,8.4,0.45,2.9,0.403,3.8,0.812,7.0,3.0,1.4,0.9,2.3,23.4
564,Jeff Teague,PG,31,TOT,17,24.8,3.6,0.436,0.7,0.368,2.9,0.873,2.4,5.2,0.7,0.3,2.0,10.9
565,Jeff Teague,PG,31,MIN,13,27.8,4.3,0.448,1.0,0.379,3.7,0.868,2.6,6.1,0.7,0.4,2.2,13.2
566,Jeff Teague,PG,31,ATL,4,20.8,2.7,0.412,0.4,0.333,1.9,0.887,2.2,4.0,0.8,0.2,1.6,7.7
567,Garrett Temple,SG,33,BRK,35,27.9,3.6,0.378,2.0,0.329,1.1,0.805,3.5,2.5,0.8,0.5,1.0,10.3
568,Daniel Theis,C,27,BOS,64,24.1,3.7,0.566,0.5,0.333,1.3,0.763,6.6,1.7,0.6,1.3,0.8,9.2
569,Isaiah Thomas,PG,30,WAS,37,23.1,4.4,0.408,2.0,0.413,1.6,0.816,1.7,3.7,0.3,0.2,1.9,12.2
570,Khyri Thomas,SG,23,DET,0,7.6,0.6,0.294,0.6,0.357,0.3,0.5,0.1,0.4,0.4,0.0,0.4,2.1
571,Lance Thomas,SF,31,BRK,4,14.0,1.1,0.348,0.6,0.308,0.6,1.0,1.9,0.9,0.0,0.0,0.9,3.4
572,Matt Thomas,SG,25,TOR,1,10.7,1.8,0.487,1.1,0.475,0.2,0.75,1.5,0.5,0.2,0.0,0.4,4.9
573,Tristan Thompson,C,28,CLE,51,30.2,5.1,0.512,0.2,0.391,1.7,0.615,10.1,2.1,0.6,0.9,1.8,12.0
574,Sindarius Thornwell,SG,25,NOP,0,17.5,3.0,0.545,1.0,0.5,1.0,0.5,2.0,2.0,0.5,0.5,1.0,8.0
575,Matisse Thybulle,SG,22,PHI,14,19.8,1.7,0.423,0.9,0.357,0.4,0.61,1.6,1.2,1.4,0.7,0.8,4.7
576,Anthony Tolliver,PF,34,TOT,13,15.9,1.2,0.357,0.9,0.338,0.4,0.724,2.8,0.8,0.3,0.2,0.6,3.6
577,Anthony Tolliver,PF,34,POR,9,16.8,1.3,0.368,0.9,0.337,0.4,0.684,3.3,0.9,0.2,0.3,0.6,3.9
578,Anthony Tolliver,PF,34,SAC,0,9.1,0.3,0.176,0.2,0.133,0.1,0.5,1.2,0.3,0.4,0.1,0.4,1.0
579,Anthony Tolliver,PF,34,MEM,4,18.2,1.5,0.396,1.3,0.415,0.5,0.875,2.5,0.8,0.5,0.1,0.7,4.8
580,Juan Toscano-Anderson,SF,26,GSW,6,20.9,2.2,0.46,0.6,0.348,0.2,0.6,4.0,2.0,1.0,0.4,1.2,5.3
581,Karl-Anthony Towns,C,24,MIN,35,33.9,9.0,0.508,3.3,0.412,5.1,0.796,10.8,4.4,0.9,1.2,3.1,26.5
582,Gary Trent Jr.,SG,21,POR,8,21.8,3.2,0.444,1.8,0.418,0.6,0.822,1.6,1.0,0.8,0.3,0.3,8.9
583,Allonzo Trier,PG,24,NYK,1,12.1,2.1,0.481,0.8,0.358,1.4,0.791,1.2,1.2,0.1,0.2,0.9,6.5
584,P.J. Tucker,PF,34,HOU,72,34.3,2.5,0.415,1.5,0.358,0.5,0.813,6.6,1.6,1.1,0.5,1.0,6.9
585,Rayjon Tucker,SG,22,UTA,0,8.1,1.0,0.465,0.2,0.176,1.0,0.826,1.0,0.3,0.1,0.1,0.4,3.1
586,Evan Turner,PG,31,ATL,0,13.2,1.3,0.373,0.0,0.0,0.6,0.857,2.0,2.0,0.5,0.4,1.4,3.3
587,Myles Turner,C,23,IND,62,29.5,4.3,0.457,1.4,0.344,2.0,0.751,6.6,1.2,0.7,2.1,1.4,12.1
588,Jarrod Uthoff,SF,26,TOT,0,7.6,1.0,0.389,0.4,0.333,0.3,1.0,0.9,0.0,0.1,0.0,0.0,2.7
589,Jarrod Uthoff,SF,26,MEM,0,3.5,0.3,0.143,0.0,0.0,0.5,1.0,0.3,0.0,0.3,0.0,0.0,1.0
590,Jarrod Uthoff,SF,26,WAS,0,13.0,2.0,0.545,1.0,0.6,0.0,0.0,1.7,0.0,0.0,0.0,0.0,5.0
591,Jonas Valančiūnas,C,27,MEM,70,26.4,6.2,0.585,0.5,0.352,2.1,0.74,11.3,1.9,0.4,1.1,1.8,14.9
592,Denzel Valentine,SF,26,CHI,5,13.6,2.7,0.409,1.3,0.336,0.2,0.75,2.1,1.2,0.7,0.2,0.7,6.8
593,Jarred Vanderbilt,SF-PF,20,TOT,0,4.2,0.5,0.625,0.0,0.0,0.2,1.0,0.8,0.2,0.3,0.1,0.6,1.1
594,Jarred Vanderbilt,SF,20,DEN,0,4.6,0.6,0.714,0.0,0.0,0.0,0.0,0.9,0.2,0.3,0.1,0.8,1.1
595,Jarred Vanderbilt,PF,20,MIN,0,2.5,0.0,0.0,0.0,0.0,1.0,1.0,0.5,0.0,0.0,0.0,0.0,1.0
596,Fred VanVleet,PG,25,TOR,54,35.7,5.9,0.413,2.7,0.39,3.1,0.848,3.8,6.6,1.9,0.3,2.2,17.6
597,Gabe Vincent,PG,23,MIA,0,9.2,0.9,0.216,0.7,0.222,0.0,0.0,0.6,0.7,0.6,0.0,0.1,2.4
598,Noah Vonleh,C-PF,24,TOT,1,10.5,1.4,0.565,0.1,0.2,0.7,0.781,3.4,0.8,0.3,0.2,0.6,3.7
599,Noah Vonleh,C,24,MIN,1,12.0,1.6,0.547,0.1,0.143,0.8,0.821,4.0,0.9,0.4,0.2,0.7,4.1
600,Noah Vonleh,PF,24,DEN,0,4.3,0.7,0.833,0.1,1.0,0.3,0.5,1.1,0.3,0.0,0.0,0.3,1.9
601,Nikola Vučević,C,29,ORL,62,32.2,8.0,0.477,1.6,0.339,2.1,0.784,10.9,3.6,0.9,0.8,1.4,19.6
602,Dean Wade,PF,23,CLE,0,5.9,0.8,0.692,0.2,0.5,0.0,0.0,1.6,0.2,0.2,0.3,0.3,1.7
603,Moritz Wagner,C,22,WAS,5,18.6,3.2,0.545,0.6,0.313,1.7,0.821,4.9,1.2,0.6,0.4,1.5,8.7
604,Dion Waiters,SG,28,TOT,0,20.7,4.1,0.414,1.5,0.319,1.4,0.824,2.4,2.0,0.4,0.6,1.6,11.1
605,Dion Waiters,SG,28,MIA,0,14.0,3.3,0.385,2.7,0.471,0.0,0.0,3.7,1.0,0.0,0.7,1.0,9.3
606,Dion Waiters,SG,28,LAL,0,23.6,4.4,0.425,1.0,0.233,2.0,0.875,1.9,2.4,0.6,0.6,1.9,11.9
607,Kemba Walker,PG,29,BOS,56,31.1,6.8,0.425,3.2,0.381,3.7,0.864,3.9,4.8,0.9,0.5,2.1,20.4
608,Lonnie Walker,SG,21,SAS,12,16.2,2.5,0.426,0.7,0.406,0.7,0.721,2.3,1.1,0.5,0.2,0.7,6.4
609,Tyrone Wallace,SG,25,ATL,0,11.4,1.0,0.318,0.1,0.067,0.8,0.647,1.6,0.9,0.5,0.1,0.7,2.9
610,Taurean Prince,SF,25,BRK,61,29.0,4.3,0.376,2.3,0.339,1.1,0.798,6.0,1.8,0.9,0.4,2.0,12.1
611,Derrick Walton,PG,24,TOT,1,9.5,0.7,0.462,0.4,0.417,0.3,0.778,0.6,1.0,0.3,0.0,0.2,2.0
612,Derrick Walton,PG,24,LAC,1,9.7,0.7,0.472,0.4,0.429,0.3,0.778,0.7,1.0,0.2,0.0,0.2,2.2
613,Derrick Walton,PG,24,DET,0,8.7,0.3,0.333,0.3,0.333,0.0,0.0,0.3,1.7,1.0,0.0,0.3,1.0
614,Brad Wanamaker,PG,30,BOS,1,19.3,2.3,0.448,0.5,0.363,1.8,0.926,2.0,2.5,0.9,0.2,1.1,6.9
615,T.J. Warren,SF,26,IND,67,32.9,8.0,0.536,1.4,0.403,2.5,0.819,4.2,1.5,1.2,0.5,1.3,19.8
616,P.J. Washington,PF,21,CHO,57,30.3,4.6,0.455,1.5,0.374,1.5,0.647,5.4,2.1,0.9,0.8,1.6,12.2
617,Yuta Watanabe,SG,25,MEM,0,5.8,0.8,0.441,0.2,0.375,0.2,0.375,1.1,0.3,0.3,0.1,0.1,2.0
618,Tremont Waters,PG,22,BOS,1,10.8,1.3,0.286,0.4,0.167,0.7,1.0,1.1,1.5,0.9,0.2,1.4,3.6
619,Paul Watson,SF-SG,25,TOT,0,8.7,1.0,0.385,0.4,0.333,0.7,0.778,1.7,0.8,0.4,0.1,0.3,3.1
620,Paul Watson,SG,25,ATL,0,8.5,0.0,0.0,0.0,0.0,0.0,0.0,1.0,1.5,0.5,0.0,0.0,0.0
621,Paul Watson,SF,25,TOR,0,8.8,1.3,0.526,0.5,0.444,0.9,0.778,1.9,0.6,0.4,0.1,0.4,3.9
622,Quinndary Weatherspoon,SG,23,SAS,0,7.1,0.5,0.294,0.1,0.2,0.1,0.5,0.6,1.0,0.3,0.1,0.5,1.1
623,Russell Westbrook,PG,31,HOU,57,35.9,10.6,0.472,1.0,0.258,5.1,0.763,7.9,7.0,1.6,0.4,4.5,27.2
624,Coby White,SG,19,CHI,1,25.8,4.8,0.394,2.0,0.354,1.6,0.791,3.5,2.7,0.8,0.1,1.7,13.2
625,Derrick White,SG,25,SAS,20,24.7,3.7,0.458,1.2,0.366,2.6,0.853,3.3,3.5,0.6,0.9,1.3,11.3
626,Hassan Whiteside,C,30,POR,61,30.0,6.5,0.621,0.1,0.571,2.4,0.686,13.5,1.2,0.4,2.9,1.8,15.5
627,Andrew Wiggins,SF-SG,24,TOT,54,34.4,8.1,0.447,2.1,0.332,3.5,0.709,5.1,3.7,0.8,1.0,2.4,21.8
628,Andrew Wiggins,SF,24,MIN,42,34.6,8.4,0.444,2.2,0.331,3.5,0.72,5.2,3.7,0.7,0.9,2.5,22.4
629,Andrew Wiggins,SG,24,GSW,12,33.6,7.2,0.457,1.7,0.339,3.4,0.672,4.6,3.6,1.3,1.4,2.1,19.4
630,Grant Williams,PF,21,BOS,5,15.1,1.3,0.412,0.3,0.25,0.6,0.722,2.6,1.0,0.4,0.5,0.7,3.4
631,Johnathan Williams,C,24,WAS,6,12.0,1.3,0.559,0.0,0.0,0.5,0.538,4.3,0.5,0.1,0.5,0.3,3.0
632,Kenrich Williams,PF,25,NOP,18,21.3,1.3,0.347,0.6,0.258,0.2,0.346,4.8,1.5,0.7,0.5,0.6,3.5
633,Lou Williams,SG,33,LAC,8,28.7,6.0,0.418,1.7,0.352,4.5,0.861,3.1,5.6,0.7,0.2,2.8,18.2
634,Marvin Williams,PF,33,TOT,1,19.5,2.1,0.446,1.0,0.359,0.8,0.86,3.2,1.0,0.6,0.5,0.6,5.9
635,Marvin Williams,PF,33,CHO,1,19.7,2.3,0.448,1.1,0.376,1.0,0.86,2.7,1.0,0.6,0.5,0.6,6.7
636,Marvin Williams,PF,33,MIL,0,18.9,1.5,0.439,0.7,0.308,0.4,0.857,4.4,1.1,0.6,0.5,0.5,4.0
637,Robert Williams,C,22,BOS,1,13.4,2.2,0.727,0.0,0.0,0.8,0.647,4.4,0.9,0.8,1.2,0.7,5.2
638,Nigel Williams-Goss,PG,25,UTA,0,5.0,0.5,0.313,0.2,0.286,0.2,1.0,0.6,0.6,0.3,0.1,0.3,1.4
639,Zion Williamson,PF,19,NOP,24,27.8,8.8,0.583,0.3,0.429,4.8,0.64,6.3,2.1,0.7,0.4,2.5,22.5
640,D.J. Wilson,PF,23,MIL,1,9.8,1.4,0.394,0.5,0.247,0.3,0.611,2.5,0.7,0.1,0.1,0.5,3.6
641,Justise Winslow,SF,23,MIA,5,32.0,4.5,0.388,0.5,0.222,1.6,0.667,6.6,4.0,0.6,0.5,2.2,11.3
642,Christian Wood,PF,24,DET,12,21.4,4.6,0.567,0.9,0.386,2.9,0.744,6.3,1.0,0.5,0.9,1.4,13.1
643,Delon Wright,SG,27,DAL,5,21.5,2.6,0.462,0.6,0.37,1.1,0.77,3.8,3.3,1.2,0.3,1.0,6.9
644,Justin Wright-Foreman,PG,22,UTA,0,11.3,1.8,0.35,0.5,0.2,0.8,0.75,1.3,1.8,0.5,0.0,0.8,4.8
645,Thaddeus Young,PF,31,CHI,16,24.9,4.2,0.448,1.2,0.356,0.7,0.583,4.9,1.8,1.4,0.4,1.6,10.3
646,Trae Young,PG,21,ATL,60,35.3,9.1,0.437,3.4,0.361,8.0,0.86,4.3,9.3,1.1,0.1,4.8,29.6
647,Cody Zeller,C,27,CHO,39,23.1,4.3,0.524,0.3,0.24,2.1,0.682,7.1,1.5,0.7,0.4,1.3,11.1
648,Tyler Zeller,C,30,SAS,0,2.0,0.5,0.25,0.0,0.0,0.0,0.0,2.0,0.0,0.0,0.0,0.0,1.0
649,Ante Žižić,C,23,CLE,0,10.0,1.9,0.569,0.0,0.0,0.6,0.737,3.0,0.3,0.3,0.2,0.5,4.4
650,Ivica Zubac,C,22,LAC,70,18.4,3.3,0.613,0.0,0.0,1.7,0.747,7.5,1.1,0.2,0.9,0.8,8.3
